CoRE_name,actual_y,prediction_y,threshold_0.3,threshold_0.4,threshold_0.6,threshold_0.7
ABAVIJ_clean,1,0.7435582357777895,1,1,1,1
ABAYIO_clean,1,0.5673620568124594,1,1,0,0
ABESUX_clean,1,0.7991923046450622,1,1,1,1
ABETAE_clean,1,0.799192391290283,1,1,1,1
ABEXEM_clean,0,0.11936936796490222,0,0,0,0
ABEXIQ_clean,0,0.14503000410964362,0,0,0,0
ABEXOW_clean,0,0.14570152808895803,0,0,0,0
ABEYAJ_clean,0,0.09380924509761879,0,0,0,0
ABEYEN_clean,0,0.086095105888083,0,0,0,0
CAKXET_clean,0,0.08514028336294271,0,0,0,0
CAKXIX_clean,0,0.08011567053742896,0,0,0,0
CAKXOD_clean,0,0.07266901768132702,0,0,0,0
CAKXUJ_clean,0,0.07947534505899012,0,0,0,0
CAKYAQ_clean,0,0.075661410140802,0,0,0,0
CAKYEU_clean,0,0.08197594770665839,0,0,0,0
ACAJOF_clean,0,0.5900115699437143,1,1,0,0
ACODON_clean,0,0.2905488848012615,0,0,0,0
ADODII_clean,1,0.8342285089689747,1,1,1,1
ADODOO_clean,1,0.8374664602049068,1,1,1,1
ADODUU_clean,1,0.809978064238929,1,1,1,1
ADOGEH_clean,0,0.3855837097844979,1,0,0,0
ADUWIH_clean,0,0.37730488355662384,1,0,0,0
AFENEE_clean,1,0.7289582823492686,1,1,1,1
AFOYAW_clean,1,0.7573849006668636,1,1,1,1
AFOYIE_clean,1,0.7109397151828812,1,1,1,1
AGARUW_clean,1,0.7289726207935018,1,1,1,1
AGUTUS_clean,0,0.2491074976642597,0,0,0,0
AHOBEG_clean,1,0.8611743619314749,1,1,1,1
AHOKAJ_clean,0,0.1711224744991019,0,0,0,0
AHOKIR_clean,1,0.8424561163149932,1,1,1,1
AHOKOX_clean,1,0.8421159100529444,1,1,1,1
AJUNOK_clean,1,0.557026154348738,1,1,0,0
AKEDIF_clean,0,0.4349943637092562,1,1,0,0
ALIXOJ_clean,1,0.877263420215529,1,1,1,1
ALIXUP_clean,1,0.9226451295051304,1,1,1,1
AMILOY_clean,1,0.8952810522472605,1,1,1,1
AMILUE_clean,1,0.8953604260910941,1,1,1,1
AMIMEP_clean,1,0.8953156552223871,1,1,1,1
ANOMUM_clean,1,0.816897096281778,1,1,1,1
ANONAT_manual,1,0.8163330965862753,1,1,1,1
ANUGEW_clean,0,0.39555051874818214,1,0,0,0
ANUGOG_clean,0,0.44612401405154684,1,1,0,0
AQALOU_clean,1,0.8155966734477745,1,1,1,1
ARAHIM02_clean,1,0.7332295506880422,1,1,1,1
ARUCOH01_clean,0,0.16034333180636134,0,0,0,0
ARUCUN_clean,0,0.1520004555080961,0,0,0,0
ARUDAU_clean,0,0.1520004555080961,0,0,0,0
ASACON_clean,0,0.49597798179438213,1,1,0,0
ASADAA_clean,0,0.4822301085734267,1,1,0,0
ASAJOU_clean,1,0.7955946744377216,1,1,1,1
ASECUY_clean,1,0.7844054386824355,1,1,1,1
ASINAT_clean,0,0.2455178022603845,0,0,0,0
ASINEX_clean,0,0.20746694084398914,0,0,0,0
ASINIB_clean,0,0.2546841018638863,0,0,0,0
ASIVAB_clean,0,0.436763952750679,1,1,0,0
ATIBAG_clean,1,0.9011146428918966,1,1,1,1
ATIBIO_clean,1,0.7980066951834235,1,1,1,1
ATIBOU_clean,1,0.901090070632613,1,1,1,1
ATIBUA_clean,1,0.9013783338368826,1,1,1,1
ATICEL_clean,1,0.900425310262136,1,1,1,1
ATOGEV_clean,0,0.07455602277978096,0,0,0,0
ATOWIQ_clean,1,0.8012566129790264,1,1,1,1
ATOWOW_clean,1,0.8028016650551446,1,1,1,1
AVELUJ_clean,1,0.8225798979839531,1,1,1,1
AVEMAQ_clean,1,0.8226248348229617,1,1,1,1
AVESAW_clean,1,0.6106270602771742,1,1,1,0
AVUPIR_SL,0,0.30242505039895695,1,0,0,0
AWAJIT_clean,1,0.8563479686659857,1,1,1,1
AWAWUR_clean,0,0.6533851596115076,1,1,1,0
AWIBAL_clean,0,0.34698975745040184,1,0,0,0
AWUPAL_clean,0,0.2877425703834139,0,0,0,0
AXUHAD_clean,1,0.6963099119702019,1,1,1,0
AYOQEM_clean,1,0.8171486832711286,1,1,1,1
AZAVOO_clean,1,0.7686770156587235,1,1,1,1
AZAVUU_clean,1,0.7497176042436412,1,1,1,1
AZILEA_clean,1,0.7295959923105315,1,1,1,1
UFUNAK_clean,1,0.8092312876703414,1,1,1,1
BAKGIF_manual,1,0.7232845930940763,1,1,1,1
BAKJEE_clean,1,0.763493451829783,1,1,1,1
BAKJII_clean,1,0.7568952674543042,1,1,1,1
BAXFIR01_clean,0,0.12116689392980068,0,0,0,0
BAXFIR02_clean,0,0.12116689392980068,0,0,0,0
BAXFUD_clean,0,0.12116689392980068,0,0,0,0
BAXSIE_clean,1,0.7330175339370008,1,1,1,1
ICAQIO_clean,0,0.22543996353939533,0,0,0,0
ICAQOU_clean,0,0.2859157323799144,0,0,0,0
BEDYEQ_clean,1,0.7899266829093592,1,1,1,1
BEFKUU_clean,1,0.8570466511310626,1,1,1,1
BEFLAB01_clean,1,0.8570466511310518,1,1,1,1
BEFLEF_clean,1,0.8570466511310512,1,1,1,1
BEFLIJ_clean,1,0.8570466511310706,1,1,1,1
BEFLUV_clean,1,0.833399696170984,1,1,1,1
BEFMAC_clean,1,0.8570466511310512,1,1,1,1
BEFMOQ_clean,1,0.7853626557324579,1,1,1,1
BEFNAD_clean,1,0.6802881222495015,1,1,1,0
BEFNEH_clean,1,0.634845049928241,1,1,1,0
BEFNIL_clean,1,0.8570466511310706,1,1,1,1
BEFNUX_clean,1,0.6643975703624911,1,1,1,0
BEJZAS_clean,0,0.1790035132374745,0,0,0,0
BELYIC_clean,1,0.6862620890831197,1,1,1,0
BEPVAV_clean,1,0.8885771563692377,1,1,1,1
BEPVEZ_clean,1,0.8805516144546512,1,1,1,1
FIBHIJ_clean,1,0.8885771563692377,1,1,1,1
BETGEO_clean,1,0.8020854003666061,1,1,1,1
BETGUE_clean,1,0.8175174337811408,1,1,1,1
BETHEP_clean,1,0.7601874422038282,1,1,1,1
BETHIT_clean,1,0.6762780592723929,1,1,1,0
BEXSAA_clean,1,0.8239961079219111,1,1,1,1
BEXSEE_clean,1,0.845510487021628,1,1,1,1
BEXSII_clean,1,0.8524997766518272,1,1,1,1
BEXVEH_clean,1,0.8410739486564829,1,1,1,1
BEYKEX_clean,1,0.7311292992633507,1,1,1,1
BEYSEF_clean,1,0.8480982901835693,1,1,1,1
BICPUA_clean,1,0.6876025001112528,1,1,1,0
BINROH_clean,1,0.8617509263180877,1,1,1,1
BINRUN_clean,1,0.8612755109581118,1,1,1,1
BINSAU_clean,1,0.8561859635396296,1,1,1,1
BIPSUQ_clean,1,0.7152303561793982,1,1,1,1
BIRMUM_clean,1,0.7184241799254345,1,1,1,1
BIRSEC_clean,1,0.8415306227085411,1,1,1,1
BIRSIG_clean,1,0.8353825273629858,1,1,1,1
BIYSUZ_clean,0,0.3071763387120257,1,0,0,0
BIYTAG_clean,0,0.27382806027994055,0,0,0,0
BIYVIQ_clean,0,0.34477012249048233,1,0,0,0
BIZMEE_clean,0,0.12701946829967214,0,0,0,0
BIZMII_clean,0,0.1306490869700378,0,0,0,0
BOCTEU01_clean,0,0.04063700604466478,0,0,0,0
BOCTOE01_clean,0,0.04063700604466478,0,0,0,0
BOCTOE02_clean,0,0.04063700604466478,0,0,0,0
BOCTOE03_clean,0,0.04063700604466478,0,0,0,0
BOCTOE04_clean,0,0.14071310463479325,0,0,0,0
BOCTOE05_clean,0,0.14071310463479325,0,0,0,0
BOCTOE_clean,0,0.04063700604466478,0,0,0,0
BONWAD_clean,1,0.6866256762675214,1,1,1,0
BOPHEV_clean,1,0.8931965297572411,1,1,1,1
BOPHIZ_clean,1,0.7247565917066882,1,1,1,1
BOPWIO_clean,1,0.8067359102604758,1,1,1,1
BOTLED_clean,1,0.76823903009963,1,1,1,1
BUCVIG_clean,0,0.8146741181803138,1,1,1,1
BURQIQ_clean,1,0.8055471274524816,1,1,1,1
BUSGIG_clean,1,0.6967637835202358,1,1,1,0
BUSGOM_clean,1,0.7219605086040395,1,1,1,1
BUVHEH_clean,1,0.7070739140889564,1,1,1,1
CAJHUS_clean,1,0.9277594340058815,1,1,1,1
JEXWUF01_clean,1,0.925200682115717,1,1,1,1
CARGEI_clean,1,0.713142742242773,1,1,1,1
CAVTAW_clean,1,0.7398273340271942,1,1,1,1
CAWDOU02_clean,0,0.2710501638011448,0,0,0,0
CAZNEY_clean,1,0.6380673701937095,1,1,1,0
CAZNUO_charged,1,0.7992420807259548,1,1,1,1
CEJZAU_clean,1,0.8122179455468773,1,1,1,1
CEKHIL_clean,1,0.6589267108638872,1,1,1,0
CELZIE_SL,1,0.7217113009882759,1,1,1,1
CETHEQ_clean,0,0.30904853339157146,1,0,0,0
PEWGEF_clean,0,0.30397113685002447,1,0,0,0
CEYPUT_clean,1,0.7193253296293538,1,1,1,1
CEZFIY_clean,1,0.8654685066308447,1,1,1,1
CIMTEZ_charged,1,0.7315427244499288,1,1,1,1
CISMEY_clean,1,0.8549877926081761,1,1,1,1
CISMIC_clean,1,0.8508885264124768,1,1,1,1
CIYZUG_clean,1,0.6996072146099035,1,1,1,0
CIZTIP_clean,0,0.2864215524854026,0,0,0,0
CODFEH_clean,0,0.3104981122461135,1,0,0,0
CODSOF_clean,0,0.370411922312189,1,0,0,0
COGNAO_clean,1,0.7808248497369104,1,1,1,1
COKRUR_clean,1,0.7115545570622489,1,1,1,1
COMGUH_clean,1,0.8083279731239025,1,1,1,1
COQTEJ_clean,1,0.8167551147585423,1,1,1,1
COSMII_clean,0,0.40003256020262745,1,1,0,0
COWXOC_clean,0,0.42458600123258605,1,1,0,0
COXXIX_clean,1,0.735531940159351,1,1,1,1
QOVGOY_clean,1,0.6730901462458718,1,1,1,0
CUCSAU_clean,0,0.29511340497876437,0,0,0,0
CUFFAL_clean,1,0.7675343044630745,1,1,1,1
CUFFEP_clean,1,0.7540096408321101,1,1,1,1
CUGVUX_clean,0,0.5236731059930456,1,1,0,0
CUIMDZ01_clean_h,0,0.36502510491808693,1,0,0,0
CUKVUA_clean,0,0.32668005605974654,1,0,0,0
CUKXAJ_clean,0,0.37172668255513275,1,0,0,0
CUKXUC_clean,1,0.824665694730461,1,1,1,1
CUKYAJ_clean,1,0.7789926520034596,1,1,1,1
CUMJEB_clean,1,0.721891717045101,1,1,1,1
CUNQUZ_clean,0,0.3185151503673759,1,0,0,0
CUWNIT_clean,1,0.8037604683871651,1,1,1,1
CUYRUK_clean,1,0.7253861027885721,1,1,1,1
CUYVOI_clean,1,0.8253294692157317,1,1,1,1
DADLEC_clean,1,0.7589523641802193,1,1,1,1
DADLIG_clean,1,0.6897549154048868,1,1,1,0
DADLOM_clean,1,0.6658849505506341,1,1,1,0
DADNII_clean,1,0.8720250099867748,1,1,1,1
DADNOO_clean,1,0.8778899543496381,1,1,1,1
DADNUU_clean,1,0.875283103910238,1,1,1,1
DADPEG_clean,1,0.8655599410825092,1,1,1,1
DAFJOM_clean,1,0.7910365497861918,1,1,1,1
DAFYAN_clean,1,0.771466760135673,1,1,1,1
DAFYER_clean,1,0.7883593755585124,1,1,1,1
DAFYOB_clean,1,0.7741240456347049,1,1,1,1
DALSAN_clean,0,0.11642286731993146,0,0,0,0
DALSER_clean,0,0.1124621825138174,0,0,0,0
DALSUH_clean,1,0.8625147993570608,1,1,1,1
DALTAO_clean,1,0.8606715773813982,1,1,1,1
DANROC_clean,0,0.3098793941597254,1,0,0,0
DAWBOU_clean,1,0.8076220194018889,1,1,1,1
DAWCAH_clean,1,0.8964289833445025,1,1,1,1
DAWCOV_clean,0,0.44888274533778105,1,1,0,0
DAWDAI_clean,0,0.3632825104304931,1,0,0,0
DEJCEB_clean,1,0.779432198731729,1,1,1,1
DEZKAW_clean,0,0.33860933072760746,1,0,0,0
DILXED_clean,1,0.7589134268445332,1,1,1,1
DIMJUG_clean,1,0.9358260492698789,1,1,1,1
DIMKIV_clean,1,0.9080357219859859,1,1,1,1
NEZWOG01_clean,0,0.23798236209385104,0,0,0,0
NEZWOG_clean,0,0.2457711131436341,0,0,0,0
DIRPIF_clean,0,0.46265342696563716,1,1,0,0
DIVQAB_clean,0,0.28809843050939876,0,0,0,0
DIXKOL_clean,1,0.8476803790586203,1,1,1,1
DOKBUC_clean,1,0.8446431034888808,1,1,1,1
DOKDEN_clean,1,0.7102435915528658,1,1,1,1
DOLRAZ_clean,1,0.6434467733341536,1,1,1,0
DOMDAL_clean,0,0.2888497503058658,0,0,0,0
DONKIC_clean,1,0.8134402037208743,1,1,1,1
DONKOI_clean,1,0.8122590924798301,1,1,1,1
DONXUB_clean,0,0.30546266951536905,1,0,0,0
DOQRUY_clean,1,0.7038351621026888,1,1,1,1
DOYHUW_clean,1,0.8222762676120292,1,1,1,1
DOZCEC_clean,1,0.7243569012745685,1,1,1,1
DUDKEU_clean,1,0.7574872393824126,1,1,1,1
DUDKUK_clean,1,0.867701018617697,1,1,1,1
DUFZOU_clean,1,0.9132497637103869,1,1,1,1
DUGBAJ_clean,1,0.9128917341722143,1,1,1,1
DUHXIP_clean,1,0.8598159854305278,1,1,1,1
DUJRAD_clean,1,0.7673914619028688,1,1,1,1
DUKYOZ_clean,1,0.7257629955068654,1,1,1,1
DUNJON_clean,0,0.2864044058413431,0,0,0,0
DUNXUH01_clean,0,0.2660145297988097,0,0,0,0
DUNXUH04_clean,0,0.1744261548889478,0,0,0,0
DUPJAB_clean,1,0.5975515735997715,1,1,0,0
DUQSEO_clean,0,0.21540211269037995,0,0,0,0
DUTKAG_clean,1,0.7453528886246163,1,1,1,1
EBAVIP_clean,1,0.8809398108283027,1,1,1,1
EBAVOV_clean,1,0.8809398108283026,1,1,1,1
ECAHEX_clean,1,0.8546728052231727,1,1,1,1
ECAHOH_clean,1,0.8541002612568636,1,1,1,1
ECIYEU_clean,0,0.4354009865462161,1,1,0,0
ECOGEI_clean,0,0.23054841832334438,0,0,0,0
ECOLEP_clean,1,0.7463624878658528,1,1,1,1
EDADET_clean,1,0.8318892920937968,1,1,1,1
EDAPIK_clean_h,1,0.7619931482849833,1,1,1,1
EGUNAX_clean,1,0.7531062731859515,1,1,1,1
EHAFEA_clean,0,0.08895150588966821,0,0,0,0
EHAFIE_clean,0,0.10246810281661994,0,0,0,0
EHAFOK_clean,0,0.10249042817912152,0,0,0,0
EHAFUQ_clean,0,0.09809070667150249,0,0,0,0
EHAGEB_clean,0,0.09265991714649974,0,0,0,0
EHAGOL_clean,0,0.09111830513972058,0,0,0,0
EHAGUR_clean,0,0.09136063191634991,0,0,0,0
XOCWET_clean,0,0.0981464976637268,0,0,0,0
XOCWIX_clean,0,0.0917421445617414,0,0,0,0
XOCWOD_clean,0,0.09248394190152098,0,0,0,0
XOCWUJ_clean,0,0.09357994735498881,0,0,0,0
EJONOH_clean,0,0.4321387069063305,1,1,0,0
EKOPEA_clean,0,0.44160058422110504,1,1,0,0
EKOPIE_clean,0,0.3076439483093919,1,0,0,0
EKOPUQ_clean,0,0.36294131339710767,1,0,0,0
ELUJAY_clean,1,0.8482875436868565,1,1,1,1
EMIFOW_clean,0,0.27046062238596813,0,0,0,0
EMIGEN_charged,0,0.2340688251192341,0,0,0,0
EMIGOX_clean,0,0.21114252982777382,0,0,0,0
EMIGUD_charged,0,0.21557210813610816,0,0,0,0
ENESOH_clean,0,0.2995271903049319,0,0,0,0
ENESUN_clean,0,0.31801305346221753,1,0,0,0
ENIHUG_clean,0,0.598954423904934,1,1,0,0
ENISOK_clean,1,0.8103581878186792,1,1,1,1
ENISUQ_clean,1,0.7731827653360136,1,1,1,1
ENITAX_clean,1,0.8052798942591607,1,1,1,1
ENITEB_clean,1,0.6325419592469086,1,1,1,0
ENITIF_clean,1,0.8528782600882003,1,1,1,1
EQETAX_clean,1,0.6897640288701626,1,1,1,0
EQOXIT_clean,1,0.7597966811416281,1,1,1,1
ERAHOV_clean,0,0.37758160906823784,1,0,0,0
EREFEN01_SL,1,0.6098421362138333,1,1,1,0
ERIWAF_clean,1,0.7662383109746203,1,1,1,1
ERUNOW_clean,1,0.7454614310682649,1,1,1,1
ESEDIQ_clean,1,0.7375149817208965,1,1,1,1
ETAXUT_clean,1,0.8719663570722047,1,1,1,1
ETECIR_clean,1,0.7494650716604154,1,1,1,1
ETEJOD_clean,1,0.7943432631802483,1,1,1,1
ETEKAQ_clean,1,0.7732875895342797,1,1,1,1
ETEKEU_clean,1,0.770827188219048,1,1,1,1
ETIXEM_clean,0,0.6018735386984262,1,1,1,0
EVUDAA_clean,1,0.8235218207836486,1,1,1,1
EVUNEP_clean,0,0.35112611351609657,1,0,0,0
EVURAP_clean,1,0.886954247073529,1,1,1,1
EWETUW_clean,0,0.5596809634712768,1,1,0,0
EWILON_clean,1,0.7512525522310642,1,1,1,1
EXEMUR_clean,1,0.7863563744994139,1,1,1,1
EXEQAA_clean,1,0.8152083462890272,1,1,1,1
EXEQII_SL,1,0.8367039118467328,1,1,1,1
EZABAJ_clean,0,0.293506512816184,0,0,0,0
EZABEN_clean,0,0.27586815812692733,0,0,0,0
EZOBUR_clean,1,0.7690912950519757,1,1,1,1
FAFCEW_clean,1,0.7870929615421498,1,1,1,1
FAGMAE_clean,0,0.20625158153168366,0,0,0,0
FAGMOS_clean,0,0.20624364191768468,0,0,0,0
FAJZOI_clean,0,0.29375923678534116,0,0,0,0
FALQEQ_clean,0,0.20631955603171315,0,0,0,0
FALQIU_clean,0,0.20183955568725476,0,0,0,0
FALQOA_clean,0,0.201255673461827,0,0,0,0
FARFUA_clean,0,0.10772532145412439,0,0,0,0
FAVFUG_clean,1,0.8353332807059731,1,1,1,1
FAWCEN03_SL,1,0.9258841171630776,1,1,1,1
FAWCEN_SL,1,0.9258841171630776,1,1,1,1
FECWOB01_clean,1,0.711397118270149,1,1,1,1
FECXES_clean,1,0.5884800423248189,1,1,0,0
FECYUJ_clean,1,0.865885272251262,1,1,1,1
FEHCIG_manual,1,0.7666633491559138,1,1,1,1
FERVEF_clean,1,0.9484639544106666,1,1,1,1
FERVIJ_clean,1,0.9484639544106666,1,1,1,1
FERVOP_clean,1,0.9582323524448241,1,1,1,1
FERVUV_clean,1,0.9582323524448243,1,1,1,1
FEWQOP_clean,0,0.17232901777918735,0,0,0,0
FEZCOD_charged,0,0.35048099109862896,1,0,0,0
FIDRIV_clean,1,0.7379219747669681,1,1,1,1
FIFPOA_clean,0,0.29937305389736124,0,0,0,0
FIJDIM12_clean,1,0.5921736643832782,1,1,0,0
FIPKUM_clean,1,0.8377733618048886,1,1,1,1
FIRNAX01_clean,1,0.9061668523809108,1,1,1,1
FIRNAX_clean,1,0.9072242302049015,1,1,1,1
FIRNOL_clean,1,0.8907739258829067,1,1,1,1
FIRNUR_clean,1,0.8859492927569688,1,1,1,1
FIRPAZ_clean,1,0.8808352722328532,1,1,1,1
FIVQIL_clean,0,0.25724585431231145,0,0,0,0
QAJJOB01_clean,0,0.234277744792051,0,0,0,0
FIVYUF_clean,0,0.3228528290003593,1,0,0,0
FIXVUE_clean,0,0.29073372843852624,0,0,0,0
FIZPOV_clean,0,0.47651442651016646,1,1,0,0
FOJLOH_clean,0,0.4402656757732055,1,1,0,0
FORKUU_clean,0,0.29289135199375804,0,0,0,0
FOTNIN_clean,1,0.780403816634863,1,1,1,1
FOVPUD_clean,1,0.8467006808983528,1,1,1,1
FOXHUX_clean,1,0.7580695838178966,1,1,1,1
FOXPUE_clean,0,0.5540234757978402,1,1,0,0
FUNFOL_clean,1,0.8663256627490826,1,1,1,1
FUNGAY_clean,1,0.7718492745519925,1,1,1,1
FUNLAD_clean,1,0.7180524925912866,1,1,1,1
FUSQUH_clean,0,0.40703273144575636,1,1,0,0
FUTTIZ_clean,1,0.7978728568740763,1,1,1,1
FUWFOU_clean,1,0.7522537318200293,1,1,1,1
GADDOH_clean,0,0.2781592379642659,0,0,0,0
GADFAV_clean,0,0.2771651910651258,0,0,0,0
GADHIF_clean,1,0.8632627158638353,1,1,1,1
GADNUX_clean,1,0.8816552312800325,1,1,1,1
GAFBEX_clean,1,0.8576837147338745,1,1,1,1
ZOMKAP01_clean,1,0.8663094972980817,1,1,1,1
ZOMPAU01_clean,1,0.8619543030035206,1,1,1,1
GAGQAI_clean,1,0.8013207879303621,1,1,1,1
MUWQEB_clean,1,0.8170355851199652,1,1,1,1
GAGTEQ_clean,1,0.6994616107013913,1,1,1,0
GAHWIX_clean,0,0.31926783573197887,1,0,0,0
GAJZAU_clean,0,0.19944257502077534,0,0,0,0
GAJZEY_clean,0,0.12404652452308473,0,0,0,0
GAJZUO_clean,0,0.15238427611067684,0,0,0,0
GALCAZ_clean,1,0.7247422871862119,1,1,1,1
GAMTAQ_clean,0,0.23628933362698562,0,0,0,0
GAMTOE_clean,0,0.3395905312525312,1,0,0,0
GAMTUK_clean,0,0.297591671537194,0,0,0,0
GARLAP_clean,1,0.9261285639004866,1,1,1,1
GARLET_clean,1,0.906161821607133,1,1,1,1
GARLIX_clean,1,0.9177838134339904,1,1,1,1
GARLUJ_clean,1,0.9210804186905004,1,1,1,1
GASSUR_clean,1,0.6228494459740983,1,1,1,0
GAVYAG_clean,1,0.7954178986962113,1,1,1,1
GAXVUY_clean,0,0.2762098201029115,0,0,0,0
GAXWEJ_clean,0,0.5197216611866129,1,1,0,0
GELVEZ01_clean,1,0.8332330152753462,1,1,1,1
GELVEZ02_clean,1,0.8323902304274016,1,1,1,1
GELVID01_clean,1,0.7995278530954268,1,1,1,1
ITETEH_clean,1,0.7303321513626722,1,1,1,1
GESNOI_clean,1,0.7254439841417812,1,1,1,1
GIKMOD_clean,0,0.31091151795311356,1,0,0,0
GIQXEK_clean,0,0.08584933977425169,0,0,0,0
GIQXIO_clean,0,0.08098202519967007,0,0,0,0
GIQXOU_clean,0,0.08263842362311175,0,0,0,0
GIQXUA_clean,0,0.0807990401638426,0,0,0,0
GIQYEL_clean,0,0.08430104830501678,0,0,0,0
GIQYUB_clean,0,0.08100354481346411,0,0,0,0
GIRYUD_clean,0,0.25179803576377996,0,0,0,0
GISMAY_clean,0,0.21419746852640037,0,0,0,0
GISNED_clean,0,0.21185516456770398,0,0,0,0
GITTOT01_manual,1,0.9130357172578774,1,1,1,1
GITTOT_manual,1,0.911672111157293,1,1,1,1
GITTUZ_clean,1,0.777084201231272,1,1,1,1
GITVEL_clean,1,0.746997799120474,1,1,1,1
GIZVER_clean,1,0.7618555401610687,1,1,1,1
GOBXAY_clean,1,0.7320419494770771,1,1,1,1
GOQTIR_clean,1,0.8796122140630951,1,1,1,1
GOQXAN_clean,1,0.7715813073386781,1,1,1,1
GOSKEG_clean,1,0.7137179212371723,1,1,1,1
GOSRIP_clean,0,0.26979879364313486,0,0,0,0
GOVHOQ_clean,0,0.22886934042763618,0,0,0,0
GOWHOR_clean,1,0.8434345110610979,1,1,1,1
GUCJAQ_clean,1,0.6531138713650803,1,1,1,0
GUFXEM_clean,1,0.8963184451776844,1,1,1,1
GUJREK_clean,0,0.35152295951079604,1,0,0,0
GUNFAW01_neutral,1,0.7807904514789676,1,1,1,1
GUPJEG01_clean,1,0.7158407336340995,1,1,1,1
HADDOI_clean,1,0.849637812344094,1,1,1,1
HADXIW_clean,1,0.7499719626384695,1,1,1,1
HAFVUH_SL,1,0.7744969833779551,1,1,1,1
HAHCUR_clean,1,0.6836827842067261,1,1,1,0
HAHPOW_clean,1,0.7446872073969398,1,1,1,1
HAJDII_clean,1,0.8515641511842161,1,1,1,1
HAJLOU_clean,1,0.89168142772563,1,1,1,1
HAJLUA_clean,1,0.89168142772563,1,1,1,1
HAJMAH_clean,1,0.89168142772563,1,1,1,1
HAJMEL_clean,1,0.8526452972098277,1,1,1,1
HAJYEZ_clean,0,0.4049522072369512,1,1,0,0
HAKSEU_clean,0,0.24823468209793398,0,0,0,0
HAKSOE_clean,0,0.21941837443628748,0,0,0,0
HAKTOF_clean,0,0.28361646257403983,0,0,0,0
HAKVAT_clean,0,0.28361646257403994,0,0,0,0
HAKWAU_clean,0,0.45474222985705526,1,1,0,0
HAQJIV_clean,0,0.422604515587946,1,1,0,0
HAQRID_clean,1,0.9029578111285768,1,1,1,1
HARNAR_clean,1,0.7321042541805557,1,1,1,1
HASMIZ_clean,1,0.7739150045049797,1,1,1,1
HEBKEG_clean,1,0.7975735896279359,1,1,1,1
HEFDON_clean,0,0.36385168514310906,1,0,0,0
HEGNAJ_clean,0,0.08363215688637765,0,0,0,0
HEGNEN_clean,0,0.08757266041822032,0,0,0,0
HEGNUD_clean,0,0.08238039109624412,0,0,0,0
HEGPAL_clean,0,0.08318508018499149,0,0,0,0
HEKTAU_clean,1,0.778869937560312,1,1,1,1
HEWFUL_ion_b,1,0.7137058336693378,1,1,1,1
HIFGIO_SL,1,0.7752993843307072,1,1,1,1
HIGRIA_clean,1,0.7184911579940867,1,1,1,1
HIHFUB_clean,0,0.31177672922889677,1,0,0,0
HIHGAI_clean,0,0.2237759722651133,0,0,0,0
HIHGEM_manual,0,0.22470329640285508,0,0,0,0
HISGIB_clean,1,0.713793341680121,1,1,1,1
HISJAW_clean,1,0.7219552914524507,1,1,1,1
HISJIE_clean,1,0.7726185502215672,1,1,1,1
HISSIN_clean,1,0.6034877282930045,1,1,1,0
HIYGIH_clean,1,0.8816578598903444,1,1,1,1
HIZQEN01_clean,1,0.7702653118029805,1,1,1,1
HOKLIE_clean,1,0.8863392440886555,1,1,1,1
HOLQIK_clean,1,0.8632876329330389,1,1,1,1
HOQMIL04_clean,1,0.8176611230476417,1,1,1,1
HOXGEH_clean,1,0.7370319177685263,1,1,1,1
HOXSAQ_clean,1,0.8134534655493115,1,1,1,1
HOZDIL_clean,1,0.7199000641741528,1,1,1,1
HOZTOG_clean,1,0.8220469312781953,1,1,1,1
HUMWIX_clean,1,0.7185831476857987,1,1,1,1
HUNFON_clean,1,0.6982593998051327,1,1,1,0
HURGUX01_clean,0,0.33220260700140275,1,0,0,0
ISUCUV_clean,0,0.5663016476865099,1,1,0,0
HUSQES_clean,1,0.7319732710657144,1,1,1,1
HUTTIA_clean,1,0.8989845478787247,1,1,1,1
HUYXUV_clean,0,0.37559392716034123,1,0,0,0
HUZKUJ_clean,0,0.19243381413587501,0,0,0,0
HUZLIY_clean,0,0.23930008271753112,0,0,0,0
HUZSOL_clean,1,0.6985204979962587,1,1,1,0
HUZSUR_clean,1,0.7234870103749501,1,1,1,1
HUZXUX_clean,1,0.7812259350503595,1,1,1,1
IBOTAU_clean,0,0.2649459048447627,0,0,0,0
IBOZIK_clean,0,0.4126303735039246,1,1,0,0
ICEGED_clean,0,0.4536959913806472,1,1,0,0
ICIZOL_clean,1,0.7349667939234349,1,1,1,1
IDAGOL_clean,1,0.868960806211972,1,1,1,1
IDAGUR_clean,1,0.8320806987311997,1,1,1,1
IDORIE_clean,1,0.756591627326538,1,1,1,1
IFAQUC_clean,0,0.2881829846154203,0,0,0,0
IFENOY01_SL,1,0.9485371013784885,1,1,1,1
IFENOY02_SL,1,0.9467125262733022,1,1,1,1
IFENOY03_SL,1,0.9465835961023027,1,1,1,1
IFENOY_clean,1,0.946842104854827,1,1,1,1
IFEPUG_SL,1,0.945260454318388,1,1,1,1
IFEQIV_SL,1,0.9444823498613367,1,1,1,1
IGETUL_clean,1,0.7864596799638752,1,1,1,1
IGUVIR01_clean,0,0.20970300305073725,0,0,0,0
IHOTEG_clean,0,0.29028252060588083,0,0,0,0
KINDOC_clean,1,0.6601490252161126,1,1,1,0
KINFAQ_clean,1,0.7717965059179133,1,1,1,1
IJENER_clean,1,0.7084718166957836,1,1,1,1
IKEBUV_clean,0,0.34435817605928076,1,0,0,0
IKETAU_clean,1,0.8757912764972466,1,1,1,1
IKETEY_clean,1,0.8824867827413516,1,1,1,1
IKETIC_clean,1,0.8787204310478061,1,1,1,1
IKETOI_clean,1,0.8782389533087739,1,1,1,1
IKEVAW_clean,1,0.8600333929431199,1,1,1,1
IKOTUZ_clean,1,0.8449581925934857,1,1,1,1
IKOVAH_clean,1,0.8487093164588732,1,1,1,1
IKUTIT_clean,0,0.5504991124113464,1,1,0,0
IKUTOZ_clean,0,0.4319321824917188,1,1,0,0
IKUTUF_clean,0,0.5039059611048483,1,1,0,0
ILOJEZ_clean,1,0.8592556962876474,1,1,1,1
ILOTOT_clean,1,0.7258395732675449,1,1,1,1
IPIJEY_clean,1,0.7683860464612879,1,1,1,1
IQABEJ_clean,1,0.7280949112319404,1,1,1,1
IQECIS_clean,1,0.7825059882528125,1,1,1,1
IQIDES_clean,0,0.218531547207427,0,0,0,0
IQINAZ_clean,1,0.8054733036128832,1,1,1,1
ISIKIF_clean,1,0.8078452213194997,1,1,1,1
ISIKOL_clean,1,0.7882164432303197,1,1,1,1
ISIMAZ_clean,1,0.79803101969107,1,1,1,1
ISIMUT_clean,1,0.8416203990862885,1,1,1,1
ITIPOS_clean,1,0.7404043244865898,1,1,1,1
ITIWAK_clean,1,0.897607251634482,1,1,1,1
ITIWEO_clean,1,0.897518699444935,1,1,1,1
IVEQEG_clean,1,0.7297414522802743,1,1,1,1
IWELIG01_clean,1,0.7463049694437537,1,1,1,1
IWEVAJ_clean,0,0.5121213660340143,1,1,0,0
IXAKAU_clean,0,0.527428757764646,1,1,0,0
IXEJIG_clean,1,0.8272272123600362,1,1,1,1
IXEJOM_clean,1,0.8000476793069528,1,1,1,1
IXOFIL_clean,0,0.20332747352081315,0,0,0,0
IXOFOR_clean,0,0.20699302277979803,0,0,0,0
IXOFUX01_clean,0,0.21354532774466634,0,0,0,0
IXOFUX_clean,0,0.21285207828510622,0,0,0,0
IXUQUO_clean,0,0.5598117018987185,1,1,0,0
IXURID_clean,0,0.5957263527742382,1,1,0,0
IYEPUZ_clean,1,0.7280116639039966,1,1,1,1
IYIGEC_clean,1,0.7137318377953089,1,1,1,1
IYUCEM_clean,1,0.8336705071488435,1,1,1,1
IZENUY_clean,1,0.5853537967021307,1,1,0,0
JADMAF_clean,1,0.9121215391490972,1,1,1,1
JAHNEM01_clean,0,0.033655851092050014,0,0,0,0
JAHNEM02_clean,0,0.033655851092050014,0,0,0,0
JAHNEM03_clean,0,0.033655851092050014,0,0,0,0
UJOJAG_clean,0,0.03243630034070419,0,0,0,0
UJOJEK01_clean,0,0.032436300340704244,0,0,0,0
UJOJEK02_clean,0,0.03243630034070419,0,0,0,0
UJOJIO01_clean,0,0.03243630034070419,0,0,0,0
UJOJIO05_clean,0,0.03243630034070419,0,0,0,0
UJOJIO06_clean,0,0.03243630034070419,0,0,0,0
UJOJOU01_clean,0,0.03243630034070419,0,0,0,0
UJOKIP01_clean,0,0.033655851092050014,0,0,0,0
UJOKIP04_clean,0,0.033655851092050014,0,0,0,0
UJOKIP05_clean,0,0.033655851092050014,0,0,0,0
UJOKIP_clean,0,0.033655851092050014,0,0,0,0
JAKBOP_clean,0,0.13848877653260183,0,0,0,0
JAKBUV_clean,0,0.18489906257857808,0,0,0,0
JEDKEJ_clean,0,0.3387304009098096,1,0,0,0
JEMNAR_clean,1,0.8496887139538796,1,1,1,1
JEXXAM05_clean,1,0.9218259517139034,1,1,1,1
JEXXAM06_clean,1,0.9218259517139034,1,1,1,1
JITPOS_SL,1,0.848370590366443,1,1,1,1
JIVHIG_clean,1,0.7143171757861283,1,1,1,1
JIWKUW_clean,1,0.715092925919943,1,1,1,1
JIZWEW_clean,0,0.19799917375616538,0,0,0,0
JIZWIA_clean,0,0.19661937601957047,0,0,0,0
JIZWOG_clean,0,0.3159270715303495,1,0,0,0
JODFOZ_clean,1,0.7654383241897087,1,1,1,1
JOQZUM_clean,1,0.7768588019341728,1,1,1,1
JORLEJ_clean,1,0.7395901937577475,1,1,1,1
JORRAL_clean,1,0.8529617894308322,1,1,1,1
JORSEQ_clean,1,0.7861444153751082,1,1,1,1
JORVET_clean,1,0.6875508554897345,1,1,1,0
JUGQOT_clean,1,0.8083917479214514,1,1,1,1
JUJTAL_clean,0,0.6035170470648382,1,1,1,0
JUSKAL_clean,0,0.3077626609472123,1,0,0,0
KADLOT_clean,1,0.7845417118068279,1,1,1,1
KAHYUP_clean,1,0.9079964894260849,1,1,1,1
KARNAU_clean,0,0.39713100815884256,1,0,0,0
KARNID_clean,1,0.936666161485993,1,1,1,1
KASPOL_clean,1,0.7514221295787237,1,1,1,1
KASRED_clean,0,0.36572085146242284,1,0,0,0
KEDNOY_clean,0,0.26519555774880255,0,0,0,0
KEDQAN_clean,0,0.40598858813230065,1,1,0,0
KEFBEE_clean,1,0.8616503296191873,1,1,1,1
KEFBII_clean,1,0.8648997308866115,1,1,1,1
KEGYAX_clean,0,0.3141957633757321,1,0,0,0
KEHFUA_clean,0,0.33478923039958997,1,0,0,0
KEHGIP_clean,0,0.2579727819265253,0,0,0,0
KEHGOV_manual,0,0.29635013780751907,0,0,0,0
KETHEY02_clean,1,0.8340200007633782,1,1,1,1
KEVWUF_clean,1,0.9157206163418936,1,1,1,1
KEWZET_clean,1,0.9250154668794422,1,1,1,1
KEYMUY_clean,0,0.38980224301385935,1,0,0,0
KIKDIT_clean,1,0.77535362299781,1,1,1,1
KINQAB_clean,0,0.3914644464704986,1,0,0,0
KINRIK_clean,0,0.27800101173734615,0,0,0,0
KIPJIE_clean,1,0.8686038311296278,1,1,1,1
KIPJOK_clean,1,0.8339173186485792,1,1,1,1
KIPJUQ_clean,1,0.8868467948755001,1,1,1,1
KIPKAX_clean,1,0.881421549750147,1,1,1,1
KIPKEB_clean,1,0.8695441532607024,1,1,1,1
KISPOS_ion_b,0,0.3015995517512984,1,0,0,0
KISVEO_clean,0,0.27890873676592376,0,0,0,0
KIYMAI_clean,1,0.7037534197961005,1,1,1,1
KOCCUC_clean,1,0.7210533175003278,1,1,1,1
KOMDAT_clean,0,0.43915761444885837,1,1,0,0
KONFIE_clean,0,0.2891663835918136,0,0,0,0
KORNAI_clean,1,0.7660648911509866,1,1,1,1
KOSLEL_clean,1,0.8829306288729764,1,1,1,1
KOSLOV_clean,1,0.8831816890933268,1,1,1,1
KOSLUB_clean,1,0.8828497519044314,1,1,1,1
KOVJAI_clean,0,0.35333364720642435,1,0,0,0
KOZSOJ_clean,1,0.7156660238936343,1,1,1,1
KUFVAK_clean,1,0.8387750920638948,1,1,1,1
KUFVEO_clean,1,0.8158746391299965,1,1,1,1
KUFVIS_clean,1,0.8107741145092641,1,1,1,1
KUMGIK_clean,1,0.8123256523008291,1,1,1,1
KUMGOQ_clean,1,0.8219608143136409,1,1,1,1
KUNMUD_clean,1,0.8974986270604406,1,1,1,1
KUQWIE_clean,0,0.2920992423946587,0,0,0,0
KUVJIW_clean,1,0.718032744527148,1,1,1,1
KUVYAD_clean,1,0.8956985348208633,1,1,1,1
LACNUB_clean,1,0.6665693703222625,1,1,1,0
LAFFEG02_clean,1,0.7783891301658044,1,1,1,1
LALFUB_clean,1,0.7178216600231394,1,1,1,1
LASDEQ_clean,1,0.7284048579483389,1,1,1,1
LAVSUY_clean,1,0.7954219218972103,1,1,1,1
LAVTAF_clean,1,0.8283991056642646,1,1,1,1
LAVTEJ_clean,1,0.8365818143585241,1,1,1,1
LAVTIN_clean,1,0.8309180740179356,1,1,1,1
LAVTUZ_clean,1,0.7997302388395997,1,1,1,1
LAWFUN_clean,1,0.6856101242003966,1,1,1,0
LAZXOB_clean,1,0.6793960446731963,1,1,1,0
LECGIL_clean,0,0.3005183159139355,1,0,0,0
LEQVIN_clean,1,0.4895194969242053,1,1,0,0
LETDUK_clean,0,0.35121435809566826,1,0,0,0
LEVYOC_clean,0,0.3711183255631383,1,0,0,0
LEWMUX_clean,0,0.44051594778195136,1,1,0,0
LIHRIE_clean,1,0.6544600135447854,1,1,1,0
LIJNOJ_clean,0,0.30562490517113483,1,0,0,0
LITCOI_clean,0,0.3169649081680582,1,0,0,0
LIVTIT_clean,0,0.3153975801297738,1,0,0,0
LOFZUB_clean,1,0.8570466511310497,1,1,1,1
LOGBAK_clean,1,0.8570466511310497,1,1,1,1
LOGBEO_clean,1,0.8570466511310497,1,1,1,1
LOLQIM_clean,0,0.28641228856368744,0,0,0,0
LONWIW_clean,0,0.39659169081627454,1,0,0,0
VAGTAA01_clean,0,0.40914146094527826,1,1,0,0
LOSBOM_clean,1,0.6086938746323496,1,1,1,0
LOSXIC_clean,1,0.7272229060083739,1,1,1,1
LUJPUC_clean,0,0.4474143656907078,1,1,0,0
LUMZUO_clean,0,0.22392704613380904,0,0,0,0
LUNBEB_clean,0,0.23272570836491657,0,0,0,0
LUNBIF_clean,0,0.20564042050767162,0,0,0,0
LUNWEW_clean,1,0.7384586315642401,1,1,1,1
LUQGAG_clean,1,0.5980599222219593,1,1,0,0
LUSYEF_clean,1,0.7639984566913809,1,1,1,1
LUTSEA_clean,1,0.7031846569637585,1,1,1,1
MABJUV01_clean,1,0.713587050694732,1,1,1,1
MABJUV_clean,1,0.713587050694732,1,1,1,1
MABLAD_clean,0,0.6212839019355061,1,1,1,0
MAGBAZ_clean,1,0.7046307132686496,1,1,1,1
MAGBIH_clean,1,0.7623244601178645,1,1,1,1
MAGVOG02_clean,0,0.019420724920072678,0,0,0,0
MAGVOG03_clean,0,0.019420724920072678,0,0,0,0
MAGVOG04_clean,0,0.019420724920072678,0,0,0,0
MAGVOG05_clean,0,0.019420724920072678,0,0,0,0
MAGVOG06_clean,0,0.019420724920072678,0,0,0,0
MAGVOG07_clean,0,0.03228230200554993,0,0,0,0
MAGVOG08_clean,0,0.07934050197763826,0,0,0,0
MAGVOG09_clean,0,0.03228230200554993,0,0,0,0
MAGVOG10_clean,0,0.03228230200554993,0,0,0,0
MAGVOG11_clean,0,0.03228230200554993,0,0,0,0
MAGVOG12_clean,0,0.03228230200554993,0,0,0,0
MAGVOG13_clean,0,0.03228230200554993,0,0,0,0
MAGVOG17_clean,0,0.019420724920072678,0,0,0,0
MAGVOG19_clean,0,0.019420724920072678,0,0,0,0
MAGVOG20_clean,0,0.019420724920072678,0,0,0,0
MAGVOG21_clean,0,0.019420724920072678,0,0,0,0
MAGVOG22_clean,0,0.019420724920072678,0,0,0,0
MAGVOG23_clean,0,0.019420724920072678,0,0,0,0
MAGVOG24_clean,0,0.019420724920072678,0,0,0,0
MAGVOG25_clean,0,0.019420724920072678,0,0,0,0
MAGVOG26_clean,0,0.019420724920072678,0,0,0,0
MAGVOG28_clean,0,0.019420724920072678,0,0,0,0
MAGVOG29_clean,0,0.019420724920072678,0,0,0,0
MAGVOG30_clean,0,0.019420724920072678,0,0,0,0
MAGVOG33_clean,0,0.019420724920072678,0,0,0,0
MAGVOG34_clean,0,0.019420724920072678,0,0,0,0
MAKGAJ_clean,1,0.732866511619155,1,1,1,1
MAKGOX_clean,1,0.9422443000805237,1,1,1,1
MAKGUD_clean,1,0.895181596976236,1,1,1,1
MAKHAK_clean,1,0.9403350145620781,1,1,1,1
MATTOR_clean,1,0.7025131300024897,1,1,1,1
MATTUX_clean,1,0.702531572014372,1,1,1,1
MAWFEY_clean,0,0.31220657484511394,1,0,0,0
MAWFIC_clean,0,0.2797631574535534,0,0,0,0
MAXHOJ01_clean,0,0.29594275983553836,0,0,0,0
MECWEX_manual,1,0.9258841171630777,1,1,1,1
MECWIB_clean,1,0.8243903926803542,1,1,1,1
MEFZUU_manual,0,0.25629994017578955,0,0,0,0
MEGBEH_manual,0,0.2691681813211755,0,0,0,0
METYIU_clean,1,0.8209706622162634,1,1,1,1
MIHBAG_clean,0,0.2769433117088721,0,0,0,0
MIJFIU_clean,0,0.33876681208335657,1,0,0,0
MIKJAR_clean,0,0.08330001008246407,0,0,0,0
MIRLUU_clean,1,0.7535041499437999,1,1,1,1
MITGOL_clean,1,0.8060216237149482,1,1,1,1
MITGUR_clean,1,0.7639404008819051,1,1,1,1
MIVFEE_clean,1,0.7978188950226257,1,1,1,1
MIVFOO_clean,1,0.7896635197935561,1,1,1,1
MIXBAY_clean,1,0.7774679319075635,1,1,1,1
MIXBEC_clean,1,0.7789872110446303,1,1,1,1
MIXBIG_auto,1,0.8680756071800451,1,1,1,1
MIXKUB_clean,1,0.8135524875925229,1,1,1,1
MOBBIO_clean,1,0.7299332113781658,1,1,1,1
MOBBOU_clean,1,0.721416023184078,1,1,1,1
MOCKEV_clean,1,0.9088948288199328,1,1,1,1
MOFKUO_clean,1,0.7408709163130202,1,1,1,1
MOFLAV_clean,1,0.8460485310023655,1,1,1,1
MOLKAB_clean,1,0.8556307218031544,1,1,1,1
MOLRIP_clean,1,0.7676654924387661,1,1,1,1
MOQNUB_clean,0,0.5449982001627903,1,1,0,0
MOTMAK_clean,1,0.6407442165198818,1,1,1,0
MOTVOI_clean,0,0.5314780616055599,1,1,0,0
MOXKAN_clean,1,0.7156512584549386,1,1,1,1
MOXNUJ_clean,1,0.6977909229017131,1,1,1,0
MUDTAH_clean,1,0.8299162306723806,1,1,1,1
MUFYAP_clean,1,0.7949470353082007,1,1,1,1
MUPYOM_clean,0,0.2912414109232184,0,0,0,0
MUPYUS_clean,0,0.4796245115783601,1,1,0,0
MURBEI_clean,1,0.8358631149199711,1,1,1,1
MUZGAQ_clean,1,0.7137755998425365,1,1,1,1
NADZID_clean,1,0.7782121147810749,1,1,1,1
NAGQET_clean,0,0.2059229434063764,0,0,0,0
NAHDIM_clean,1,0.7478219839116961,1,1,1,1
NAHHAI_clean,1,0.7979599483990525,1,1,1,1
NAHNES_clean,1,0.7668204710185057,1,1,1,1
NAJSUP_clean,1,0.5975483404804104,1,1,0,0
NAJTEA_clean,1,0.6016624807338247,1,1,1,0
NAQLAT_clean,1,0.7682437076096091,1,1,1,1
NARPOO_clean,1,0.7675258905751218,1,1,1,1
NASREH_clean,1,0.775675163125042,1,1,1,1
NATKIF_clean,1,0.7058991919830214,1,1,1,1
NAWHOL_clean,1,0.7969023828212556,1,1,1,1
NAWXER_clean,1,0.7597820964644943,1,1,1,1
NEDVUP_clean,0,0.379389700537936,1,0,0,0
NEDWAW_clean,0,0.19132072518144905,0,0,0,0
NEDWEA_clean,0,0.1414735004413325,0,0,0,0
NERVEL_clean,1,0.8106426359619444,1,1,1,1
NEXXEV_clean,0,0.36578844751650186,1,0,0,0
NEXXIZ_clean,0,0.2905963415704318,0,0,0,0
NIBJAK_clean,1,0.825536521570909,1,1,1,1
NIGBOW_clean,1,0.7427634719386674,1,1,1,1
NIJTOR_clean,1,0.8061112440475153,1,1,1,1
NIJZIP01_clean,1,0.7768181273434449,1,1,1,1
WEVQUJ_clean,1,0.7558206644206158,1,1,1,1
WEVRUK_clean,1,0.7794936486763674,1,1,1,1
NIRDEX_clean,1,0.6185186170601652,1,1,1,0
SIRBIG07_clean,1,0.7036984618625942,1,1,1,1
NIZZEC_clean,0,0.10016414771472498,0,0,0,0
NIZZIG_clean,0,0.10041037748333648,0,0,0,0
NIZZOM_clean,0,0.10102061797706696,0,0,0,0
NOFDUI_clean,0,0.4861876352691018,1,1,0,0
NOMQAJ01_clean,0,0.6283116947282066,1,1,1,0
VOJGOS_clean,0,0.6933156091069594,1,1,1,0
NUCPEI_clean,1,0.8917189694872243,1,1,1,1
NUGRIR_clean,1,0.8480424277947525,1,1,1,1
NUGROX_clean,1,0.8363929483750211,1,1,1,1
NUNNUH_clean,0,0.45728177838216666,1,1,0,0
NUNTOH_clean,1,0.5972280822989664,1,1,0,0
NUNWIE_clean,1,0.5960823178702114,1,1,0,0
NUVWEH_clean,1,0.7395848995377127,1,1,1,1
NUXMAU_clean,1,0.8380842312220194,1,1,1,1
NUYQUU_clean,1,0.7172625403475781,1,1,1,1
OBEDEE_clean,1,0.7022028728283218,1,1,1,1
OBUREL_clean,1,0.8086333706677247,1,1,1,1
OCIHIS_clean,1,0.7442089104314973,1,1,1,1
OCUQIN_clean,1,0.9335827417930221,1,1,1,1
OCUQUZ_clean,1,0.9335827417930221,1,1,1,1
OCUSOV_clean,1,0.9335827417930221,1,1,1,1
OCUSUB_clean,1,0.9215715800620541,1,1,1,1
OCUTEM_clean,1,0.9335827417930221,1,1,1,1
ODEZAB_clean,1,0.7297347335715195,1,1,1,1
ODIMAQ_clean,0,0.7330758556982451,1,1,1,1
ODIVUU_clean,0,0.6056800005049784,1,1,1,0
ODODOC_clean,1,0.7794428408112659,1,1,1,1
ODODUI_clean,1,0.7869173468243509,1,1,1,1
ODOXEK_clean,1,0.7843907519323843,1,1,1,1
OFERUN_clean,1,0.9258841171630776,1,1,1,1
OFUYUL_SL,0,0.5080033061711869,1,1,0,0
OGAQES_clean,1,0.7142691094470708,1,1,1,1
OGUJIL_clean,0,0.20055936556992493,0,0,0,0
OHAQEU_clean,0,0.6370343731219932,1,1,1,0
OHIHET_clean,1,0.7974665614498198,1,1,1,1
OJIDAN_clean,1,0.748418912890888,1,1,1,1
OKILUR_clean,1,0.7279683086556202,1,1,1,1
OKIMAY_clean,1,0.8417121278431643,1,1,1,1
OKIQEG_clean,1,0.8005397272692727,1,1,1,1
OKINIG_clean,1,0.7386496024210721,1,1,1,1
OKIVUA_clean,1,0.8976447276818351,1,1,1,1
OKIYAJ01_clean,1,0.8974277767201864,1,1,1,1
OLANAS_clean,1,0.803937044517849,1,1,1,1
OLICIX_clean,1,0.8179905660987792,1,1,1,1
OLOGEC_clean,1,0.7800826363864706,1,1,1,1
OLUCAZ_clean,0,0.43798624310333567,1,1,0,0
OMICOD_clean,1,0.6560411195114114,1,1,1,0
OMIMEE_clean,1,0.6820776702805458,1,1,1,0
OMIPEH_clean,1,0.7902971371388297,1,1,1,1
OMUSAS_clean,1,0.734316710387336,1,1,1,1
OPURIB01_clean,1,0.8746759686307208,1,1,1,1
OQUWUU_clean,1,0.7245862926783444,1,1,1,1
OQUXAB_clean,1,0.7020639751178966,1,1,1,1
OQUXEF_clean,1,0.810723783079686,1,1,1,1
OQUXIJ_clean,1,0.7607329804207215,1,1,1,1
OQUZIL_clean,1,0.8083615427957673,1,1,1,1
ORAGOF_clean,1,0.735088930210203,1,1,1,1
OSAVEK_clean,0,0.3202098828862854,1,0,0,0
OSAVUA_clean,0,0.2914516628523787,0,0,0,0
OSAWEL_clean,0,0.40768896798228776,1,1,0,0
OSIXEU_clean,1,0.819186608351473,1,1,1,1
OSUGUG_clean,1,0.7459856233107938,1,1,1,1
OTALUS_clean,0,0.3313320696234627,1,0,0,0
OTATOT_clean,0,0.14772011912034355,0,0,0,0
OTAVAH_clean,0,0.1490720141455386,0,0,0,0
OTAVOV_clean,0,0.1642606704333519,0,0,0,0
OTAVUB_clean,0,0.15179469003462964,0,0,0,0
OTUDEO_clean,1,0.8763439463156697,1,1,1,1
OTUXUX_clean,1,0.7481225368792055,1,1,1,1
OVEXOD_clean,0,0.49510688346317283,1,1,0,0
OVICUS_clean,1,0.6866983324831701,1,1,1,0
OVIDON_clean,1,0.812561331810644,1,1,1,1
OVIZID_clean,1,0.8133267207228323,1,1,1,1
OVIZOJ_clean,1,0.761048542748131,1,1,1,1
OVIZUP_clean,1,0.6794701755282857,1,1,1,0
OWAVOY_clean,1,0.7357771428141431,1,1,1,1
OWETIU_clean,0,0.3113086847727565,1,0,0,0
OWIHIN_clean,1,0.9217343222549721,1,1,1,1
OWIHUZ_clean,1,0.9219966400375446,1,1,1,1
OWIJEL_clean,1,0.921839086921151,1,1,1,1
OWIJOV_clean,1,0.9218281827485835,1,1,1,1
OWIZAW_clean,0,0.27760078431662816,0,0,0,0
OWUWOU_clean,0,0.3533215873793683,1,0,0,0
OXOLAP_SL,1,0.716875125907096,1,1,1,1
OYIVEY_clean,0,0.3222035365396412,1,0,0,0
OYIVIC_clean,0,0.3824759028381036,1,0,0,0
OYIVOI_clean,0,0.42594843454875714,1,1,0,0
OZUKOL_clean,1,0.9275066398176125,1,1,1,1
OZUKUR_clean,1,0.9275671230138125,1,1,1,1
OZULAY_clean,1,0.927591988860821,1,1,1,1
OZULUS_clean,1,0.9206444883570879,1,1,1,1
OZUMAZ01_clean,1,0.9200790096697169,1,1,1,1
OZUMAZ_clean,1,0.920324486148056,1,1,1,1
OZUMIH_clean,1,0.9203613085025361,1,1,1,1
PACZOK_clean,0,0.3289963575957804,1,0,0,0
PAFMUH_clean,1,0.8229668522370504,1,1,1,1
PALTON_clean,1,0.7105514388555529,1,1,1,1
PAMTOO_clean,1,0.8778174189348069,1,1,1,1
PAMTUU_clean,1,0.8742573786918046,1,1,1,1
PAMVEG_clean,1,0.7020436510182136,1,1,1,1
PAPVEJ_clean,0,0.20648811228632624,0,0,0,0
PAPVIN_clean,0,0.20724679967385967,0,0,0,0
PAQJUM_clean,1,0.8570466511310533,1,1,1,1
PARKUQ01_clean,1,0.7959111808886705,1,1,1,1
PATNAB_clean,0,0.3016041772176762,1,0,0,0
PATWOY_clean,1,0.7357267205103823,1,1,1,1
PEDGUA_clean,1,0.772147054184489,1,1,1,1
PEJMOI_clean,1,0.7420025309269099,1,1,1,1
PEJRED_clean,0,0.5638825621213907,1,1,0,0
PELRIJ_clean,0,0.5001852516837185,1,1,0,0
PEMREG_clean,1,0.7134081237992731,1,1,1,1
PEMRIK_clean,1,0.6089409540127892,1,1,1,0
PENXUC_clean,1,0.884598804441914,1,1,1,1
PENYIR_clean,1,0.8842148150601836,1,1,1,1
PENZIS_clean,0,0.10110420886167093,0,0,0,0
PENZUE_clean,0,0.1760061946512268,0,0,0,0
PEPLAY_clean,0,0.19413460294977275,0,0,0,0
PEPLIG_clean,0,0.19457854672893454,0,0,0,0
PEQRUZ_clean,1,0.8945375498690791,1,1,1,1
PERSEM_clean,1,0.7962589954416417,1,1,1,1
PETWOC_clean,0,0.2866188793377688,0,0,0,0
PEVBUP_clean,1,0.7422720948395785,1,1,1,1
PEVQIS_clean_h,1,0.723811812491595,1,1,1,1
PEWFII_clean,0,0.31714434796630214,1,0,0,0
PEWLUA_clean,1,0.8711817923831084,1,1,1,1
PEZCII_clean,1,0.8011968542528485,1,1,1,1
PIGHIX01_clean,0,0.2906670631377245,0,0,0,0
PIGHIX_clean,0,0.2906670631377246,0,0,0,0
PIHNUQ_clean,1,0.7913376192460035,1,1,1,1
PIHWAG_clean,1,0.7916774851983128,1,1,1,1
PIJROR_clean,1,0.7960516270141995,1,1,1,1
PIHWOU_clean,0,0.13023484245852418,0,0,0,0
PIQMOT_clean,1,0.7670554466074464,1,1,1,1
PIRYOF_clean,0,0.2915421976442686,0,0,0,0
QIVBUT_clean,0,0.2710800351452335,0,0,0,0
PIYZAZ_clean,0,0.07167409860026867,0,0,0,0
PIYZED03_clean,0,0.07369745410511087,0,0,0,0
PIYZED_clean,0,0.07055539055995123,0,0,0,0
POFSIN01_clean,0,0.07129322364808155,0,0,0,0
POFSIN02_clean,0,0.07162408679465856,0,0,0,0
POFSIN03_clean,0,0.07223429484893856,0,0,0,0
POFSIN_clean,0,0.0718911441141019,0,0,0,0
PIZHEN_clean,0,0.31892541816295655,1,0,0,0
POHCOG_clean,1,0.8994781403377003,1,1,1,1
POHLUV_clean,0,0.2813931092301283,0,0,0,0
POHMAC_clean,0,0.28430231606312056,0,0,0,0
PORVID_clean,1,0.8122248931112821,1,1,1,1
POYPAW_clean,0,0.2956035253270942,0,0,0,0
PUDSIR_clean,0,0.194872141505339,0,0,0,0
PUDSUD_clean,0,0.19685805000316575,0,0,0,0
PUFXIZ_clean,0,0.5843986782473644,1,1,0,0
PUMGIP01_clean,1,0.7129991940920961,1,1,1,1
PUNCIL_clean,1,0.727760698319673,1,1,1,1
PUNFIO_clean,1,0.8506894423535971,1,1,1,1
PURJIW_clean,1,0.605886533180062,1,1,1,0
PURNEX_clean,0,0.2755094551757978,0,0,0,0
PURNIB_clean,0,0.2952472035474186,0,0,0,0
PURRIE_clean,0,0.6645453819960736,1,1,1,0
PUVREF_clean,0,0.3270853678801969,1,0,0,0
PUZJOL_clean,0,0.2598937497586742,0,0,0,0
PUZKUS_clean,0,0.248889334893659,0,0,0,0
QAGQEW_clean,1,0.7177290585702674,1,1,1,1
QAMVEH01_clean,1,0.8138277699654932,1,1,1,1
QAPQEE_clean,1,0.7430667181746391,1,1,1,1
QAQNOO_clean,0,0.29109822271847113,0,0,0,0
QAQRUW_clean,1,0.636637351116367,1,1,1,0
QARCET_clean,0,0.3210024580118523,1,0,0,0
QARTAG_clean,1,0.8189610196494151,1,1,1,1
QEBGAH_clean,0,0.31074227061587784,1,0,0,0
QEFNAQ_clean,0,0.34671306805418173,1,0,0,0
QEJYIP_clean,1,0.7551308789971676,1,1,1,1
QEVKOS_clean,1,0.7233243138631765,1,1,1,1
QEZYUR_clean,1,0.790906656356528,1,1,1,1
QEZZEC_clean,1,0.7910810429420418,1,1,1,1
QIPROY_clean,1,0.7501568478233529,1,1,1,1
QIQZIB_clean,1,0.7396026913100865,1,1,1,1
QIRWAR_clean,0,0.33800056481653173,1,0,0,0
QISVAQ_clean,0,0.2752639095738102,0,0,0,0
QISVEU_clean,0,0.2761265715416138,0,0,0,0
QIWCOQ_clean,1,0.7503333932490581,1,1,1,1
QIWPET_clean,1,0.875088972349855,1,1,1,1
QIYDIN01_clean,1,0.49496171326729704,1,1,0,0
QOBWIN_clean,1,0.676354948532032,1,1,1,0
QODHUO02_clean,0,0.03755052418426114,0,0,0,0
QODHUO03_clean,0,0.020802293453550395,0,0,0,0
QODHUO04_clean,0,0.03755052418426114,0,0,0,0
QODHUO05_clean,0,0.02083027577213677,0,0,0,0
QODHUO06_clean,0,0.020809350523953066,0,0,0,0
QODHUO07_clean,0,0.02079702094280901,0,0,0,0
QODHUO09_clean,0,0.020790962546660862,0,0,0,0
QODHUO10_clean,0,0.0207806865181306,0,0,0,0
QODHUO11_clean,0,0.020777568689752522,0,0,0,0
QODHUO12_clean,0,0.020788446394886882,0,0,0,0
QODHUO13_clean,0,0.020801076709260593,0,0,0,0
QODQEH_clean,0,0.03755052418426114,0,0,0,0
QODSUZ_clean,0,0.03755052418426114,0,0,0,0
QOFBIY01_clean,0,0.020811849161045608,0,0,0,0
QOFBIY02_clean,0,0.02084380520739352,0,0,0,0
QOFCAR_clean,0,0.0207968299989166,0,0,0,0
QOFCEV_clean,0,0.020832273291555868,0,0,0,0
QOFCOF_clean,0,0.020824067729365195,0,0,0,0
QOFDAS_clean,0,0.020860012775369252,0,0,0,0
QOFDEW_clean,0,0.020852808301722058,0,0,0,0
QOFDIA02_clean,0,0.020798691261383107,0,0,0,0
QOFDIA06_clean,0,0.037550524184261067,0,0,0,0
QOFDIA07_clean,0,0.03755052418426114,0,0,0,0
QOFDIA08_clean,0,0.03755052418426114,0,0,0,0
QOFDIA_clean,0,0.020880132623613237,0,0,0,0
QOFDOG_clean,0,0.02090283424998894,0,0,0,0
QOHTOX_clean,1,0.7756199873322407,1,1,1,1
QOHTUD_clean,1,0.6449029431059252,1,1,1,0
QOJYEV_clean,1,0.7981811977216067,1,1,1,1
QOQWOK01_clean,0,0.31801967351120985,1,0,0,0
QOQWOK_clean,0,0.31535453979083805,1,0,0,0
QOSXOM_clean,0,0.35792632163486804,1,0,0,0
QOVSOL_clean,1,0.8980136065953923,1,1,1,1
QOVSUR_clean,1,0.7673412681670997,1,1,1,1
QOVWOP_clean,1,0.921835631849805,1,1,1,1
QOXNIB_clean,0,0.2915932760357104,0,0,0,0
QUFGED_clean,0,0.8374528693992689,1,1,1,1
QUJKOX_clean,1,0.7236723927300368,1,1,1,1
QUNWAZ_clean,0,0.3232333606572463,1,0,0,0
QUQBAH_clean,0,0.4225613028936786,1,1,0,0
QUSCEN_clean,1,0.8320304140668248,1,1,1,1
QUSQIG_clean,0,0.3310671995590827,1,0,0,0
QUSSII_clean,1,0.8122486314452598,1,1,1,1
RABNOX_clean,1,0.6429566484249258,1,1,1,0
RANNOM_clean,1,0.8172964273829861,1,1,1,1
RANNUS_clean,1,0.8228005634969793,1,1,1,1
RANPAA_clean,1,0.7781511470574924,1,1,1,1
RARYOZ_clean,0,0.3865011250692755,1,0,0,0
RAYKIN_clean,1,0.8473628550179544,1,1,1,1
RAYLAG_clean,1,0.8512510022500749,1,1,1,1
RAYMIP_clean,0,0.2624350845869036,0,0,0,0
RAYMOV_clean,0,0.2372021436508775,0,0,0,0
REHVEH_clean,1,0.7338610705835641,1,1,1,1
REJLEY_clean,1,0.9033466115601678,1,1,1,1
XEHSEJ_clean,1,0.9143059455777248,1,1,1,1
XEHSIN_clean,1,0.9183252767252849,1,1,1,1
XEHSOT_clean,1,0.9183252767252849,1,1,1,1
REWNEO_clean,1,0.8716323580597808,1,1,1,1
REWSUJ_clean,0,0.34387723970369355,1,0,0,0
REYCOP_clean,1,0.7909731294750125,1,1,1,1
REYPIW_clean,1,0.874378356980321,1,1,1,1
REZXIE01_clean,0,0.31145223560608126,1,0,0,0
RICHIV_clean,1,0.7851933755917586,1,1,1,1
RIRDED_clean,1,0.7156357331624359,1,1,1,1
RIXBEG_clean,1,0.8544396027815438,1,1,1,1
ROCZAM_clean,0,0.1813384917473701,0,0,0,0
ROCZEQ_clean,0,0.18206079857115243,0,0,0,0
ROCZIU_clean,0,0.18189300915533574,0,0,0,0
ROCZOA_clean,0,0.2403700096248157,0,0,0,0
RODBAP_clean,0,0.2370872205119563,0,0,0,0
ROMQER_clean,0,0.584907959138462,1,1,0,0
RONSIY_clean,1,0.4781759628155188,1,1,0,0
ROQDIM02_clean,0,0.03808411772375862,0,0,0,0
ROQDIM03_clean,0,0.03808411772375862,0,0,0,0
ROQDIM04_clean,0,0.03808411772375862,0,0,0,0
ROQDIM_clean,0,0.03808411772375862,0,0,0,0
ROQFUA01_clean,0,0.03634393557433228,0,0,0,0
ROQFUA02_clean,0,0.03634393557433228,0,0,0,0
ROQFUA03_clean,0,0.03634393557433228,0,0,0,0
ROQFUA05_clean,0,0.03634393557433228,0,0,0,0
ROQFUA06_clean,0,0.03634393557433228,0,0,0,0
ROQFUA_clean,0,0.03634393557433228,0,0,0,0
ROQMER03_clean,0,0.037809990447607356,0,0,0,0
ROQNES02_clean,0,0.03992250698097191,0,0,0,0
ROQNES_clean,0,0.03992250698097191,0,0,0,0
ROQVIE_clean,0,0.3802205047105697,1,0,0,0
ROSKER_clean,1,0.7952666505636372,1,1,1,1
RUBTAK01_SL,1,0.6842275183068827,1,1,1,0
RUFMUA01_clean,1,0.7306674312656357,1,1,1,1
TECVEE_clean,1,0.7144671048696787,1,1,1,1
RUGKOV_clean,1,0.7236170629187926,1,1,1,1
RUJGOT_clean,0,0.31958355662365456,1,0,0,0
RULXOM_clean,1,0.757373615572195,1,1,1,1
RUSWIN_clean,0,0.23186662959975934,0,0,0,0
RUSWOT_clean,0,0.1909480413600254,0,0,0,0
RUSWUZ_clean,0,0.20416051070755958,0,0,0,0
RUSXAG_clean,0,0.20194124249026174,0,0,0,0
RUSXEK_clean,0,0.20483980014868208,0,0,0,0
RUVKAV_clean,1,0.765341260597786,1,1,1,1
RUVKOJ_clean,1,0.7487935899927722,1,1,1,1
RUWZIU_clean,0,0.2708503568844458,0,0,0,0
RUWZUG_clean,0,0.20402557371981844,0,0,0,0
SAJJOF_clean,1,0.6790545137282287,1,1,1,0
SAXFII_clean,0,0.42991987890316924,1,1,0,0
SAXLEK_clean,1,0.6995948889597925,1,1,1,0
SEHTEF_clean,0,0.38585375907948466,1,0,0,0
SEHZUB_clean,0,0.3104034974853607,1,0,0,0
SERCEZ_clean,1,0.8886473278276796,1,1,1,1
SERLEI_clean,1,0.6496559883508356,1,1,1,0
SETPEO_clean,1,0.4819959585967492,1,1,0,0
SETWOF_clean,1,0.8343015837948105,1,1,1,1
SETWUL_clean,1,0.8196669919482797,1,1,1,1
SETXAS_clean,1,0.8364369270201159,1,1,1,1
SEYFEI_clean,1,0.7314299881098144,1,1,1,1
SIRZUQ_clean,1,0.8250571919016223,1,1,1,1
SOCKOM_clean,1,0.7561589935108635,1,1,1,1
SODQOT_clean,1,0.7909831245763266,1,1,1,1
SODZIV_clean,0,0.36318137806056777,1,0,0,0
SOHBUO_clean,0,0.29041385806394016,0,0,0,0
SOKKUZ_clean,0,0.13322028996756347,0,0,0,0
SOMFAC_clean,0,0.13448391441205104,0,0,0,0
SOMFEG_clean,0,0.1333696590067605,0,0,0,0
SOMFIK_clean,0,0.13654293914668897,0,0,0,0
SONTAR_manual,1,0.7306997099799346,1,1,1,1
SONTIZ_clean,1,0.7009038630633571,1,1,1,1
SONTOF_clean,1,0.7097232153077039,1,1,1,1
SOTWUV_clean,0,0.3269214561145652,1,0,0,0
SOTXEG_neutral,0,0.3180766386166446,1,0,0,0
SUFJIO_clean,1,0.8369520300929965,1,1,1,1
SUFJOU_clean,1,0.846184217240227,1,1,1,1
SUHBAA_clean,1,0.7161555690893109,1,1,1,1
SUJQOE_clean,0,0.40742978164444477,1,1,0,0
SUJREV_clean,0,0.364866056633937,1,0,0,0
SUKKUF_clean,1,0.7135956497852075,1,1,1,1
SUTJIC_clean,1,0.7105132522793769,1,1,1,1
TACFIN_clean,0,0.6551059119960856,1,1,1,0
TADCOS_clean,0,0.31634352072723726,1,0,0,0
TAGBUZ_clean,0,0.3299210875874513,1,0,0,0
TAGTUT_clean,1,0.7726131347738527,1,1,1,1
TAGVAB_clean,1,0.7221333080760383,1,1,1,1
TAKGOE_clean,1,0.9024524454628249,1,1,1,1
TAKGUK_clean,1,0.9036180469943398,1,1,1,1
TAKHAR_clean,1,0.90131384713358,1,1,1,1
TAQGEZ_clean,1,0.689863645664953,1,1,1,0
TAQGUQ_clean,1,0.7679672250237353,1,1,1,1
TAVCIF_clean,1,0.8876422297170656,1,1,1,1
TAVQEN_clean,0,0.6382407832959383,1,1,1,0
TAWYUO_clean,0,0.3161264191835773,1,0,0,0
TEDXOR_clean,1,0.7829042853119864,1,1,1,1
TEQPAI_clean,1,0.6696655836643276,1,1,1,0
TEQVAO_manual,1,0.538266604088758,1,1,0,0
TEZKAM_clean,1,0.7543961249864235,1,1,1,1
TIGQUX_clean,1,0.7099205233954149,1,1,1,1
TIKXER_clean,0,0.36347478181214365,1,0,0,0
TILHAZ_clean,1,0.8194611030061627,1,1,1,1
TIQGOQ_clean,1,0.7814235314742357,1,1,1,1
TIQHAD_clean,1,0.8436609391759119,1,1,1,1
TIQHEH_clean,1,0.8438153924767067,1,1,1,1
TISJOW_clean,1,0.8409226530221297,1,1,1,1
TOFQEM_clean,1,0.776066241408649,1,1,1,1
TOJLOT_clean,0,0.23795642910803588,0,0,0,0
TOLYOJ_clean,1,0.668018228158078,1,1,1,0
TONLOY_clean,1,0.7875168530720187,1,1,1,1
TOPKIT_clean,1,0.7135958145505651,1,1,1,1
TORJAN_clean,1,0.9425289356744275,1,1,1,1
TORJER_clean,1,0.939822451906324,1,1,1,1
TORJIV_clean,1,0.939822451906324,1,1,1,1
TORJOB_clean,1,0.942066055487029,1,1,1,1
TORJUH_clean,1,0.9439227083455449,1,1,1,1
TORKAO_clean,1,0.9402584300367269,1,1,1,1
TORKES_clean,1,0.944460532618218,1,1,1,1
TOVJAR_clean,1,0.7379177759453878,1,1,1,1
TOVJEV_clean,1,0.8026071547821985,1,1,1,1
TOVJIZ_clean,1,0.7581372227504329,1,1,1,1
TOVJUL_clean,1,0.7319998978072065,1,1,1,1
TOVKEW_clean,1,0.7175884877868818,1,1,1,1
TOWNAW_clean,1,0.8355540275569524,1,1,1,1
TOZFOF_clean,1,0.8175015019518848,1,1,1,1
TOZHAR_clean,0,0.2870285575773351,0,0,0,0
TUFSUK_clean,0,0.3180512807339959,1,0,0,0
TUFTAR_clean,0,0.32355548130190426,1,0,0,0
TUKCOT_clean,1,0.7806445399409694,1,1,1,1
TUKCUZ_clean,1,0.8886979416099134,1,1,1,1
TUTHOG_clean,0,0.3675235579627738,1,0,0,0
TUVDIX_clean,1,0.9142242504954923,1,1,1,1
TUVDOD_clean,1,0.9268917218173636,1,1,1,1
UBACOR_clean,1,0.6924184711966811,1,1,1,0
UCABAE_clean,0,0.31991997703164377,1,0,0,0
UCUJOU_clean,1,0.7551747740723854,1,1,1,1
UDOVOA_clean,0,0.3832639437230161,1,0,0,0
UFENEZ_clean,1,0.7195417109677562,1,1,1,1
UFEXEJ_clean,0,0.16727824924534918,0,0,0,0
UFEXIN_clean,0,0.16893421599498415,0,0,0,0
UFISOS_clean,0,0.1124621825138174,0,0,0,0
UFITEJ_clean,0,0.132838642409297,0,0,0,0
UGUXAV_clean,1,0.6475139607313221,1,1,1,0
UHAXUW_clean,1,0.7493524279108341,1,1,1,1
UHISOU_clean,0,0.4744588316563826,1,1,0,0
UJAQAY_clean,0,0.435015362432628,1,1,0,0
UJAQEC_clean,0,0.5369630159055767,1,1,0,0
UJAQUS_clean,0,0.7192335570611578,1,1,1,1
UJULIW_clean,0,0.2865614316499421,0,0,0,0
UJUPUM_clean,1,0.7303344845913565,1,1,1,1
UKEXEP_clean,0,0.6000085669983208,1,1,1,0
UKIQIP_clean,1,0.710844399277368,1,1,1,1
UKUPEX_clean,0,0.5204709957394583,1,1,0,0
UKUTEB_clean,1,0.8040178850502034,1,1,1,1
ULUVUT_clean,1,0.7067195508039031,1,1,1,1
UMEHOL_clean,1,0.9033951855331779,1,1,1,1
UMELEF_clean,1,0.8822595337933101,1,1,1,1
UMEPOT_clean,1,0.7230238733843548,1,1,1,1
UMEQAG_clean,1,0.9018373713233595,1,1,1,1
UMESOW_clean,1,0.9048697546670073,1,1,1,1
UMELUU_clean,0,0.33787678130719756,1,0,0,0
USIRUL_clean,1,0.8041973134414494,1,1,1,1
USOXEH_clean,1,0.5822402456973037,1,1,0,0
UTACUP_clean,0,0.3693803237243857,1,0,0,0
UVINAP_clean,0,0.4302467308302366,1,1,0,0
UVOTOQ_clean,0,0.3759876812109886,1,0,0,0
UVUDUM_clean,1,0.7548043450972373,1,1,1,1
UVUGAV_clean,1,0.7920408947787165,1,1,1,1
UWALEL_clean,1,0.9346418759104983,1,1,1,1
UWELIS_clean,1,0.8262406935708657,1,1,1,1
UWOWAF_clean,0,0.3223253316110655,1,0,0,0
UWUKII_clean,1,0.8073394493120462,1,1,1,1
UXIQOJ_clean,1,0.7830368467796713,1,1,1,1
UYOJOI_clean,1,0.7021455079067291,1,1,1,1
UZIGOB_clean,0,0.1779938163005465,0,0,0,0
VAGBEN_clean,1,0.5714617943326613,1,1,0,0
VAGBUD_clean,1,0.9001916487958859,1,1,1,1
VAGTAA_clean,1,0.41147671134569913,1,1,0,0
VAGTUU_clean,1,0.8414870152753278,1,1,1,1
VAJTUX_clean,1,0.7543136448193231,1,1,1,1
VALVIQ_clean,0,0.4186777275675742,1,1,0,0
VALWUD_clean,0,0.5626250343202772,1,1,0,0
VALXAK_clean,0,0.38151705644590017,1,0,0,0
VALXOY_clean,0,0.3872744199356193,1,0,0,0
VAPBEV_clean,0,0.20343526968632625,0,0,0,0
VARHIH_clean,0,0.27370772937572596,0,0,0,0
VARJEF_clean,0,0.3076412644459936,1,0,0,0
VAXMUF_clean,1,0.843538930518769,1,1,1,1
VAYFUY_clean,1,0.7815131024515976,1,1,1,1
VAZKUE_clean,1,0.9019903513520073,1,1,1,1
VAZLAL_clean,1,0.9164075061539436,1,1,1,1
VAZLOZ_clean,1,0.9296227555557303,1,1,1,1
VAZMEQ_clean,1,0.9122977329002453,1,1,1,1
VEDFIV_clean,1,0.940534109672643,1,1,1,1
VEDFOB_clean,1,0.9396105835399305,1,1,1,1
VEDFUH_clean,1,0.9391408873403225,1,1,1,1
VEDGAO_clean,1,0.9397062076620573,1,1,1,1
VEGXIQ_clean,1,0.8931415768222248,1,1,1,1
VEGXOW_clean,1,0.8527346338432409,1,1,1,1
VEGXUC_clean,1,0.8269572986088387,1,1,1,1
VEHJOJ_clean,1,0.8158186613677858,1,1,1,1
VEHJUP_clean,1,0.8158859296243925,1,1,1,1
VEHLAW_clean,0,0.07217418620386959,0,0,0,0
VEHLEA_clean,0,0.07217418620386959,0,0,0,0
VEHLEA01_clean,0,0.07217418620386959,0,0,0,0
VEHRIL_clean,1,0.9124061870418573,1,1,1,1
VEHYUE_clean,0,0.28644833332441044,0,0,0,0
VEMSUC01_clean,1,0.6402499265682703,1,1,1,0
XUJPEY_clean,1,0.7943570071662509,1,1,1,1
XUJPIC_clean,1,0.7953927658665401,1,1,1,1
VEQBID_clean,0,0.2911361806329968,0,0,0,0
VERPOZ_clean,1,0.7462346133545255,1,1,1,1
VERZID_clean,1,0.9252006821157169,1,1,1,1
VERZOJ_clean,1,0.9218259517139027,1,1,1,1
VERZUP_clean,1,0.9002887437884791,1,1,1,1
VETMIS_clean,1,0.7197301989860059,1,1,1,1
VETVAS_manual,1,0.7415162358844669,1,1,1,1
VICLAW_clean,1,0.7275702789619809,1,1,1,1
VIDXOX_clean,1,0.7587959207428812,1,1,1,1
VIFBOD_clean,1,0.5918274724729622,1,1,0,0
VIFBUJ_clean,1,0.581456073645858,1,1,0,0
VIQQUJ_clean,1,0.8011341959449733,1,1,1,1
VIRQES_clean,1,0.8278577922293687,1,1,1,1
VIRPOC_clean,1,0.6780829525746435,1,1,1,0
VIRVEY_clean,1,0.7719689949474553,1,1,1,1
VIWKIX_clean,0,0.2703852465956116,0,0,0,0
VIWKOD_clean,0,0.3181820529730476,1,0,0,0
VIWLAQ_clean,0,0.2187295086712338,0,0,0,0
VIWLEU_clean,0,0.23107442396555555,0,0,0,0
VIWLIY_clean,0,0.2512496012487271,0,0,0,0
VIWLOE_clean,0,0.260255876995358,0,0,0,0
VIWMEV_clean,0,0.24477301245440947,0,0,0,0
VIWMIZ_clean,1,0.7844275291756846,1,1,1,1
VIXPUP01_clean,1,0.8391024203012487,1,1,1,1
VIXTUT_clean,0,0.33871111621841676,1,0,0,0
VIXVUV_clean,0,0.2824232678460274,0,0,0,0
VIXZUZ_clean,1,0.9180612170461157,1,1,1,1
VIZQEC_clean,1,0.7354291786977132,1,1,1,1
VOLPET_clean,1,0.6903355186452698,1,1,1,0
VOLQOD_clean,1,0.7122444697753693,1,1,1,1
VOTKEW_clean,1,0.7821908753993394,1,1,1,1
VOYGOH_clean,1,0.7297611723141203,1,1,1,1
VUCTOE_clean,1,0.808686660775749,1,1,1,1
VUCTUK_clean,1,0.8278577922293687,1,1,1,1
VUNNEZ_clean,0,0.24655396138197277,0,0,0,0
VUNXUY_clean,0,0.3368294926564357,1,0,0,0
VUNYUZ_clean,0,0.34399740606309076,1,0,0,0
VUQJUN01_clean,0,0.5550948584107439,1,1,0,0
VUQJUN_clean,0,0.5545440691364174,1,1,0,0
WAFKAQ_clean,1,0.7114130422088396,1,1,1,1
WALKAY_clean,0,0.34771477608658896,1,0,0,0
WANBOE_clean,1,0.7107444078217037,1,1,1,1
WANHIF_clean,1,0.752087629435391,1,1,1,1
WAQDOJ_charged,1,0.782375310499299,1,1,1,1
WAQTEQ_clean,0,0.5194011518585632,1,1,0,0
WAWGOQ_clean,1,0.7475982658693037,1,1,1,1
WAYMAM_clean,1,0.22134166181180648,0,0,0,0
WEBKOD_clean,1,0.697916443163495,1,1,1,0
WEDXEK_clean,0,0.3477270046021065,1,0,0,0
WENKEH_clean,1,0.8451965460444971,1,1,1,1
WENKOR_clean,1,0.8802097088977168,1,1,1,1
WENKUX_manual,1,0.8761801509495875,1,1,1,1
WENLAE_manual,1,0.8782567980994296,1,1,1,1
WENLEI_clean,1,0.8744101488405915,1,1,1,1
WIDZOA_clean,1,0.8108702431461645,1,1,1,1
WIDZUG_clean,1,0.8418211736362731,1,1,1,1
WIFBAQ_clean,1,0.819024284934494,1,1,1,1
WIKXAQ_clean,1,0.7188546389171365,1,1,1,1
WIPLOY_clean,0,0.3292331868506274,1,0,0,0
WITJOA_clean,0,0.29990455495836976,0,0,0,0
WITKIV_clean,1,0.71094326442162,1,1,1,1
WIYZOU_clean,1,0.7741501968071631,1,1,1,1
WIZKOH_clean,0,0.44509746018048224,1,1,0,0
WIZMAV02_auto,0,0.409831301411216,1,1,0,0
WONRUM02_clean,0,0.2893975910340816,0,0,0,0
WOPHIU01_clean,1,0.8904960491396,1,1,1,1
WOPHIU_clean,1,0.8743419220951631,1,1,1,1
WUBHEI_clean,1,0.7844681744782342,1,1,1,1
WUDTIA_clean,1,0.791241588200104,1,1,1,1
WUDTOG_clean,1,0.7819258901108763,1,1,1,1
WUDVEY_clean,1,0.7608200107888399,1,1,1,1
WUGQAS_clean,0,0.5617527466858564,1,1,0,0
WUHJIT_clean,0,0.6642090811615762,1,1,1,0
WUYWOE_clean,0,0.11195292197307033,0,0,0,0
WUYWUK_clean,0,0.18054125378955366,0,0,0,0
WUYXAR_clean,0,0.343481178046833,1,0,0,0
WUYXEV_clean,0,0.10392493149174209,0,0,0,0
WUYXOF_clean,0,0.11857255621448626,0,0,0,0
WUYXUL_clean,0,0.14857889082627873,0,0,0,0
WUYYAS_clean,0,0.14363398585217063,0,0,0,0
WUYYOG_clean,0,0.3159757058239484,1,0,0,0
XACFAJ_clean,1,0.7139296978985088,1,1,1,1
XAKYUE_clean,1,0.9374381095697606,1,1,1,1
XAKZIT_clean,1,0.952920570703555,1,1,1,1
XAKZOZ_clean,1,0.9525941181679559,1,1,1,1
XALBES_clean,1,0.9442050375222413,1,1,1,1
XALBUI_clean,1,0.9612937427263921,1,1,1,1
XALCAP_clean,1,0.8880948057960716,1,1,1,1
XALCET_clean,1,0.9616480693038165,1,1,1,1
XALCIX_clean,1,0.9223898772956388,1,1,1,1
XALCOD_clean,1,0.9234700487880905,1,1,1,1
XALDAQ_clean,1,0.9195221170409293,1,1,1,1
XALDOE_clean,1,0.9226449465962943,1,1,1,1
XALXUF01_clean,1,0.7832894085814355,1,1,1,1
XAMHEA_manual,0,0.33499533476687904,1,0,0,0
XASJUZ_clean,1,0.8290506258655163,1,1,1,1
XASNUD_clean,1,0.7751366142371872,1,1,1,1
XATLIQ_clean,1,0.8116193211827363,1,1,1,1
XAVKIR_clean,1,0.6819335627078796,1,1,1,0
XEDPIH_clean,1,0.7665731414491667,1,1,1,1
XEDPON_clean,1,0.740195190559224,1,1,1,1
XEFGAQ_clean,1,0.5875995363404412,1,1,0,0
XEQLEM_clean,1,0.6863360947370997,1,1,1,0
XIFHIF_clean,1,0.8474783593558197,1,1,1,1
XIGFOJ_manual,1,0.8280796302691869,1,1,1,1
XIGWUF_clean,0,0.270449831568698,0,0,0,0
XILSUI_clean,0,0.24597701782381598,0,0,0,0
XIYYEL_clean,1,0.7680399515525997,1,1,1,1
XOJWEZ_clean,1,0.725030556397209,1,1,1,1
XOMCIN_clean,1,0.7393387050952167,1,1,1,1
XOMCOT_clean,1,0.843784726370425,1,1,1,1
XOPLUL_clean,0,0.449183864339054,1,1,0,0
XOQXIL_clean,1,0.7593082010269268,1,1,1,1
XORHET_clean,1,0.7198647809612605,1,1,1,1
XOTGUI_clean,1,0.8526409643152425,1,1,1,1
XOTHAP_clean,1,0.8521492456262498,1,1,1,1
XOVPUU_clean,0,0.41727812942909237,1,1,0,0
XOVQAB_clean,0,0.32542475412189364,1,0,0,0
XOVQEF_SL,0,0.2668348643131624,0,0,0,0
XOVQIJ_clean,0,0.3023386726474797,1,0,0,0
XOVVEK_clean,1,0.8406145015537814,1,1,1,1
XOVXAI_clean,0,0.3533490375765882,1,0,0,0
XOVXEM_clean,0,0.37704074107642666,1,0,0,0
XULCIR_clean,1,0.8228540894422172,1,1,1,1
XUMSOP_clean,0,0.45465516405818607,1,1,0,0
XUWVUG_clean_h,1,0.7408577481508515,1,1,1,1
YANBAR03_clean,0,0.4779688542627118,1,1,0,0
YAPRUE_charged,1,0.7135955911433186,1,1,1,1
YARGAB_clean,0,0.6950333469953874,1,1,1,0
YARSAN_clean,0,0.6116665066110399,1,1,1,0
YARSIV_clean,0,0.426695090915725,1,1,0,0
YARZEZ02_clean,0,0.1841855941713592,0,0,0,0
YARZEZ03_clean,0,0.14013779444496,0,0,0,0
YARZEZ_clean,0,0.13421819985836214,0,0,0,0
YASNAJ_clean,1,0.76588805595841,1,1,1,1
YAVWUQ_clean,1,0.9035033973320927,1,1,1,1
YAZYEF_clean,0,0.3610680297079762,1,0,0,0
YAZZEG_clean,0,0.5326222492708477,1,1,0,0
YEGTAG_clean,0,0.23909169680868836,0,0,0,0
YEGTEK_clean,0,0.22160182722153232,0,0,0,0
YELYOE_clean,1,0.7262755922197509,1,1,1,1
YICREI_clean,1,0.6460862666436613,1,1,1,0
YINCEF_clean,1,0.880307295777029,1,1,1,1
YINCIJ_clean,1,0.8829036546420094,1,1,1,1
YINCOP_clean,1,0.8855875151472192,1,1,1,1
YINCUV_clean,1,0.8332828274425972,1,1,1,1
YIRHOY_clean,0,0.28559137267712037,0,0,0,0
YITHIU01_clean,1,0.770228606414634,1,1,1,1
YITHIU_clean,1,0.8435246521939233,1,1,1,1
YITHOA01_clean,1,0.8292705637010813,1,1,1,1
YITHOA_clean,1,0.8435246521939233,1,1,1,1
YIXYUB_clean,1,0.818927129045903,1,1,1,1
YIXZEM_clean,1,0.8341284328658342,1,1,1,1
YIZGEV_clean,1,0.7676782633734089,1,1,1,1
YIZGIZ_clean,1,0.8570466511310497,1,1,1,1
YIZGOF_clean,1,0.8570466511310497,1,1,1,1
YOBYAR_clean,0,0.3039939823536567,1,0,0,0
YODWOF_clean,0,0.2674891882410341,0,0,0,0
YORZAH_clean,1,0.7725017762154636,1,1,1,1
YOYQOU_clean,1,0.8937899148906342,1,1,1,1
YOYRAH_clean,1,0.8933146098183529,1,1,1,1
YOYREL_clean,1,0.8925326238326898,1,1,1,1
YOYVAL_clean,1,0.9290870716006071,1,1,1,1
YOYVEP01_clean,1,0.9484639544106666,1,1,1,1
YOYVOZ01_clean,1,0.9377821895759991,1,1,1,1
YOYVOZ_clean,1,0.9484639544106666,1,1,1,1
YOYWEQ_clean,1,0.9484639544106666,1,1,1,1
YOZJEE_clean,1,0.9582323524448243,1,1,1,1
YOYZET_clean,1,0.7808679990803962,1,1,1,1
YOZYUJ_clean,1,0.8978721037061772,1,1,1,1
YUDFEK_clean,0,0.47121665851197425,1,1,0,0
YUDFOU_clean,0,0.4849247609709271,1,1,0,0
YUMFUJ_clean,0,0.2632326468477544,0,0,0,0
YUNXAI_clean,0,0.1403136286334175,0,0,0,0
YUPSIM_clean,1,0.7243356465161371,1,1,1,1
YUQNAB_clean,0,0.2915046678472353,0,0,0,0
YUWKEH_clean,1,0.8379657247429875,1,1,1,1
YUWKIL_clean,1,0.8479983664261233,1,1,1,1
ZEFVEN_clean,1,0.8087490070562289,1,1,1,1
ZEFVOX_clean,1,0.8083558804601225,1,1,1,1
ZELROZ_manual,1,0.7874907532907292,1,1,1,1
ZETLER_clean,0,0.4689035476841284,1,1,0,0
ZEZFIV_clean,1,0.72933950391672,1,1,1,1
ZIBRAD_clean,0,0.34679607125540124,1,0,0,0
ZIJVOF01_clean,0,0.15395977769252295,0,0,0,0
ZIJVOF02_clean,0,0.15395977769252295,0,0,0,0
ZIJVOF_clean,0,0.15395977769252295,0,0,0,0
ZIKCED_clean,1,0.6792459747780147,1,1,1,0
ZINDAD_clean,1,0.7764312408853389,1,1,1,1
ZIQJEQ_clean,0,0.4525825293241789,1,1,0,0
ZITWIK_clean,0,0.08664267234013667,0,0,0,0
ZOTKAW_clean,1,0.7995190664925942,1,1,1,1
ZOXTEN_clean,1,0.9352982783556222,1,1,1,1
ZOXTIR_clean,1,0.9115566471078037,1,1,1,1
ZOXTUD_clean,1,0.9069329051416957,1,1,1,1
ZOXVEP_clean,1,0.9047202497212972,1,1,1,1
ZOYKAB_clean,0,0.3150853604298116,1,0,0,0
ZOZKAC_clean,0,0.3150853604298114,1,0,0,0
ZOZKEG_clean,0,0.3125089276471197,1,0,0,0
ZUHSEC_clean,1,0.7878530020598085,1,1,1,1
ZUTBIB_clean,0,0.5186146408636761,1,1,0,0
ZUTBUN_clean,0,0.32653938604865373,1,0,0,0
ABEXUC_clean,0,0.11548752496272807,0,0,0,0
ABEYIR_clean,0,0.08658325694064956,0,0,0,0
CAKYIY_clean,0,0.09156370215810616,0,0,0,0
AFOYOK_clean,1,0.6919012531429849,1,1,1,0
AHOJUC_clean,0,0.17180549621908964,0,0,0,0
AMIMAL_clean,1,0.8726405444300693,1,1,1,1
ANAWIX_clean,1,0.7546611007944444,1,1,1,1
ANUGIA_clean,0,0.5053865308721911,1,1,0,0
AQALIO_clean,1,0.8173230202741696,1,1,1,1
ATEYED_clean,0,0.28505776858539844,0,0,0,0
ATICAH_clean,1,0.8996348095872729,1,1,1,1
ATIJUJ_manual,1,0.7151793239505677,1,1,1,1
AVIPAX_clean,0,0.40115568457756196,1,1,0,0
AXAFAG_clean,1,0.7139456050572208,1,1,1,1
AXUHEH_clean,1,0.7421750250155288,1,1,1,1
AXUHIL_clean,1,0.7196557020085826,1,1,1,1
BAHGUN01_clean,1,0.8092312876703414,1,1,1,1
BAKJOO_clean,1,0.8142961459805262,1,1,1,1
BAXGAK_clean,0,0.13254704439971549,0,0,0,0
ICAROV_clean,0,0.24279650090334792,0,0,0,0
BAZGEQ_clean,1,0.7462179476868673,1,1,1,1
BEFMUW_clean,1,0.7853626557324579,1,1,1,1
BEPVID_clean,1,0.8860122375612072,1,1,1,1
BETGIS_clean,1,0.8017135074610522,1,1,1,1
BETGOY_clean,1,0.8031794298180521,1,1,1,1
BEXRUT_clean,1,0.8285181491692832,1,1,1,1
BIZMAA_clean,0,0.1271398074086103,0,0,0,0
BOLZIN_clean,1,0.7216271797540349,1,1,1,1
BONWIL_clean,1,0.706217318893332,1,1,1,1
BUSNAF_clean,0,0.19934771024457965,0,0,0,0
CAWZUX_clean,0,0.2989672741969697,0,0,0,0
CAZNOI_charged,1,0.7986245983679621,1,1,1,1
COJHIT_clean,0,0.3232840382818992,1,0,0,0
COPXOV_clean,1,0.6134674143171028,1,1,1,0
COZMUA_clean,0,0.2385276598677203,0,0,0,0
CUKXIR_clean,0,0.37714895317901864,1,0,0,0
CUWNOZ_clean,1,0.7996550753257787,1,1,1,1
DAMYOI_clean,0,0.42157547425005026,1,1,0,0
DAWBUA_clean,1,0.8909412782627272,1,1,1,1
DAWCIP_clean,0,0.622291774098428,1,1,1,0
DEJCIF_clean,1,0.7318396912657259,1,1,1,1
DIMKUH_clean,1,0.9360031066163701,1,1,1,1
NIBXUT_clean,0,0.26622940299994435,0,0,0,0
TIDMEA_clean,0,0.22824536749893298,0,0,0,0
DOYHOQ_clean,1,0.8402764897224583,1,1,1,1
DUBBEI_clean,1,0.6803321088014326,1,1,1,0
DUDKOE_clean,1,0.8878454155257902,1,1,1,1
DUDZOT_clean,1,0.8883669336005504,1,1,1,1
DUFZUA_clean,1,0.9154513886515381,1,1,1,1
DUNXUH03_clean,0,0.17486650183904995,0,0,0,0
DUNXUH05_clean,0,0.17462180221715434,0,0,0,0
DUPKAC_clean,1,0.8241412811583216,1,1,1,1
EBAVUB_clean,1,0.8673299852808798,1,1,1,1
EBAWIQ_clean,1,0.7695683816082936,1,1,1,1
EBEMEF_clean,0,0.5379443856840254,1,1,0,0
EBUREA_clean,1,0.8319103935346789,1,1,1,1
ECAHAT_clean,1,0.7996708113261318,1,1,1,1
ECEZAO01_clean,1,0.6529646964075381,1,1,1,0
EDIKIL_clean,1,0.7771654599947975,1,1,1,1
EHAGAX_clean,0,0.09413614148634991,0,0,0,0
EJUVOU_clean,1,0.383692440156183,1,0,0,0
EMIGAJ_charged,0,0.23736363217360784,0,0,0,0
EMIHEO_charged,0,0.2716308960792694,0,0,0,0
ENITOL_clean,1,0.8527968252631986,1,1,1,1
EPECIN_clean,1,0.6996258996044717,1,1,1,0
EPOXAJ_clean,0,0.28670381993244004,0,0,0,0
ETEJUJ_clean,1,0.7873539512520034,1,1,1,1
EVUMUE_clean,0,0.1907584427866763,0,0,0,0
EVUNAL_clean,0,0.2058599363152433,0,0,0,0
EVUQOC_clean,1,0.8287904978234775,1,1,1,1
EVUQUI_clean,1,0.8746778589566239,1,1,1,1
EXAXAE_clean,1,0.6893460554989028,1,1,1,0
FAHBIC_clean,1,0.7127099128905359,1,1,1,1
FARFIO_clean,0,0.10204268965590763,0,0,0,0
FARFOU_clean,0,0.10217859870089557,0,0,0,0
FATQID_clean,1,0.7613702943236931,1,1,1,1
FAWCEN01_SL,1,0.9258841171630776,1,1,1,1
FECZAQ_manual,1,0.8104883305667272,1,1,1,1
FERWAC_clean,1,0.9489725561844919,1,1,1,1
FEWQIJ_manual,0,0.2665399073669403,0,0,0,0
FIFNUE_clean,1,0.8349517013405755,1,1,1,1
FIFPAM_clean,1,0.8412644802907054,1,1,1,1
FIRMUQ_clean,1,0.9078336184064602,1,1,1,1
FOVPOX_clean,1,0.8460143031589091,1,1,1,1
FUWFIO_clean,1,0.6988101732693671,1,1,1,0
GAGSUF_clean,1,0.713384513782414,1,1,1,1
GAJYUN_clean,0,0.12701421082386705,0,0,0,0
GAJZOI_clean,0,0.11510925616788548,0,0,0,0
GAMTIY_clean,0,0.22964837336416188,0,0,0,0
GARQAU_clean,0,0.38123418863853875,1,0,0,0
GAXWAF_clean,0,0.26142147992089104,0,0,0,0
GEFZAU_clean,1,0.7135955954691846,1,1,1,1
GIQYAH_clean,0,0.08185891193018713,0,0,0,0
GIQYIP_clean,0,0.08476632873520223,0,0,0,0
GIRYEN_clean,0,0.25179803576377996,0,0,0,0
GIRYOX_clean,0,0.2517980357637801,0,0,0,0
GIXGOK_clean,0,0.28964157760157316,0,0,0,0
GOPTIQ_clean,1,0.7209509464811662,1,1,1,1
GUKFEY_clean,0,0.2913070829405215,0,0,0,0
GUPBEZ02_clean,1,0.7135955953274131,1,1,1,1
GUPNUC_clean,0,0.08664267234013667,0,0,0,0
HADQUA_clean,0,0.277183925957624,0,0,0,0
HADXOC_clean,1,0.791031242100318,1,1,1,1
HADYAP_clean,1,0.8086918338901251,1,1,1,1
HEFFAB_charged,0,0.44689530824887225,1,1,0,0
HEGNOX_clean,0,0.08281019026281594,0,0,0,0
HIMSAY_clean,0,0.3081959162082122,1,0,0,0
HIWXER01_SL,1,0.705207588289329,1,1,1,1
HULTEN_clean,0,0.22601122818738134,0,0,0,0
IFEQAN_SL,1,0.9455180812033825,1,1,1,1
IGUTUB_clean,0,0.204485051094546,0,0,0,0
IGUVIR_clean,0,0.204485051094546,0,0,0,0
IJASES01_clean,1,0.5799401966448855,1,1,0,0
KINDIW_clean,1,0.758122072275162,1,1,1,1
IJIGOX_clean,0,0.5470256485402012,1,1,0,0
IKOVEL_clean,1,0.8215123007083849,1,1,1,1
ILOJOJ_clean,1,0.8846909672365588,1,1,1,1
IPIHIA_clean,1,0.8998915275498737,1,1,1,1
IXODUV_clean,0,0.20905707558032044,0,0,0,0
IXOFAD_clean,0,0.20890587412423056,0,0,0,0
IXOFEH_clean,0,0.1995058412792276,0,0,0,0
JABMEF_clean,0,0.11584979180180233,0,0,0,0
UJOJEK_clean,0,0.03243630034070419,0,0,0,0
UJOJIO02_clean,0,0.03243630034070419,0,0,0,0
UJOJIO03_clean,0,0.03243630034070419,0,0,0,0
UJOJIO04_clean,0,0.03243630034070419,0,0,0,0
UJOJIO_clean,0,0.03243630034070419,0,0,0,0
UJOKIP03_clean,0,0.033655851092050014,0,0,0,0
JALCAD_clean,1,0.5966007640752604,1,1,0,0
JEJKEP_clean,1,0.9069576268466877,1,1,1,1
JEJKIT_clean,1,0.9096653325503161,1,1,1,1
JORBAV_clean,1,0.618921105774591,1,1,1,0
JUGQIN_clean,1,0.8069025523508645,1,1,1,1
JUTCUW_SL,0,0.07540093168529508,0,0,0,0
KADLUZ_clean,1,0.7752239238314567,1,1,1,1
KAHYOJ_clean,1,0.9137557677369967,1,1,1,1
KATDAM_clean,1,0.8549880907062355,1,1,1,1
KAVGAQ_clean,1,0.9035366391900289,1,1,1,1
KAVTUY_clean,1,0.7448482195937575,1,1,1,1
KAWHEY_clean,1,0.7695677599293662,1,1,1,1
KEGZOL_clean,0,0.1752324093516497,0,0,0,0
LEYQUD_clean,1,0.91506567819223,1,1,1,1
LEYRAK_clean,1,0.8917873694331347,1,1,1,1
KIFWUT_clean,0,0.38173651823629046,1,0,0,0
KILJEV_clean,0,0.2840412644460135,0,0,0,0
KINLAW_clean,1,0.8675441905367972,1,1,1,1
KIXKOS_ion_b,0,0.2412238233971768,0,0,0,0
KIYMIQ_clean,1,0.8383813770264923,1,1,1,1
KIYJAF_clean,1,0.770117316015382,1,1,1,1
KOMHAW_clean,1,0.7856337745722579,1,1,1,1
KORMOV_clean,1,0.807276079897683,1,1,1,1
KUKPOX_clean,0,0.36418467980281777,1,0,0,0
KUTRIC_clean,1,0.7511240619843014,1,1,1,1
LETDEU_clean,0,0.31661818300934175,1,0,0,0
LICKAL_clean,1,0.7675972579040959,1,1,1,1
TIGSOT_clean,1,0.7676368119953338,1,1,1,1
LIHSIF_clean,1,0.5343954874818913,1,1,0,0
LIJNOJ01_clean,0,0.30562490517113483,1,0,0,0
LITCIC_clean,0,0.1600621650421888,0,0,0,0
LIVREP_clean,1,0.7681212804993085,1,1,1,1
LIXWEV_clean,0,0.20357196409999423,0,0,0,0
LUJBAV_clean,0,0.3219955121593339,1,0,0,0
MAFZOK_clean,1,0.747184040279584,1,1,1,1
MAGBON_clean,1,0.7601005699483573,1,1,1,1
MAGVOG16_clean,0,0.019420724920072678,0,0,0,0
MAGVOG27_clean,0,0.019420724920072678,0,0,0,0
MAGVOG31_clean,0,0.019420724920072678,0,0,0,0
MAGVOG32_clean,0,0.019420724920072678,0,0,0,0
MAGVOG35_clean,0,0.019420724920072678,0,0,0,0
MAKGEN_clean,1,0.9378023455616054,1,1,1,1
MAPHAP_clean,0,0.3647024496124283,1,0,0,0
MITGIF_clean,1,0.5483471229670143,1,1,0,0
MODMIB_clean,0,0.4460267132379653,1,1,0,0
MONQIR_clean,1,0.7383795398047569,1,1,1,1
MONWET_clean,0,0.2908195066595552,0,0,0,0
MOXPUL_clean,1,0.742365592807325,1,1,1,1
MOYYEF_clean,0,0.7174587982227814,1,1,1,1
NABNUA_clean,0,0.37984866010996193,1,0,0,0
NACYUM_clean,0,0.3674939938584714,1,0,0,0
NATHUO_clean,1,0.9032281023924539,1,1,1,1
NEDWIE_clean,0,0.31078138447786596,1,0,0,0
NEHGIS_clean,0,0.41933496309123736,1,1,0,0
NERMON_clean,1,0.7313977661685219,1,1,1,1
NEXVET_clean,0,0.5027459701468653,1,1,0,0
NIBHOW_clean,1,0.7580490670990168,1,1,1,1
NIBHUC_clean,1,0.8185326258741383,1,1,1,1
NIGGEQ_clean,1,0.5556947351600519,1,1,0,0
WEVQOD_clean,1,0.7586580075157219,1,1,1,1
NOJBOF_clean,0,0.4207280239703513,1,1,0,0
NUHZAS_clean,1,0.638326404044152,1,1,1,0
NUNCEG_clean,0,0.36757391754146096,1,0,0,0
NUNPAP_clean,0,0.45463193715077577,1,1,0,0
OCURAG_clean,1,0.9335827417930221,1,1,1,1
ODIXAC_charged,1,0.7244538090012478,1,1,1,1
ODIXEG_clean,1,0.7933716208971409,1,1,1,1
ODODIW_clean,1,0.8242455849397912,1,1,1,1
OGIKAR_clean,1,0.7480737128091531,1,1,1,1
OHUMEL_clean,1,0.7381039324536405,1,1,1,1
OLANEW_clean,1,0.7977757367061082,1,1,1,1
OMAMEU_clean,0,0.16093773764764702,0,0,0,0
OMITUB_clean,1,0.7904995009914818,1,1,1,1
OMOVET_clean,0,0.31040765866543396,1,0,0,0
ORANAY_clean,1,0.8991357978533605,1,1,1,1
ORIBAU_clean,1,0.710413523910315,1,1,1,1
OSAXAI_clean,0,0.24227620120716054,0,0,0,0
OSIXIY_clean,1,0.8191439559953644,1,1,1,1
OTAXOX_clean,1,0.7330694982733406,1,1,1,1
OTENEH_charged,1,0.7135977115488923,1,1,1,1
OTUDIS_clean,1,0.876470410295574,1,1,1,1
OVIWIA_clean,1,0.7112642438494491,1,1,1,1
OWAVIS_clean,1,0.7358254989315434,1,1,1,1
OWEYOF_clean,0,0.32675203856372537,1,0,0,0
OWIHEJ_clean,1,0.9219360292676465,1,1,1,1
OWIJAH_clean,1,0.9219104243960139,1,1,1,1
OWIJIP_clean,1,0.9217941256724019,1,1,1,1
OWUWUA_clean,0,0.28489749165611095,0,0,0,0
OYUSAD_charged,1,0.7206696681059592,1,1,1,1
OZUKUR01_clean,1,0.8583587723178621,1,1,1,1
PAMHIW_clean,0,0.42692570537006314,1,1,0,0
PAMTII_clean,1,0.8775874977220299,1,1,1,1
PEPLEC_clean,0,0.19853074850967928,0,0,0,0
PIJDIX_clean,0,0.07217418620386994,0,0,0,0
PIQMUZ_clean,1,0.7822210116252235,1,1,1,1
PIYZED02_clean,0,0.07249373985208507,0,0,0,0
POZHUI_ion_b,0,0.30548261843004976,1,0,0,0
PUDSIR01_clean,0,0.1899212951432519,0,0,0,0
PUDSOX_clean,0,0.19075430629084283,0,0,0,0
PURJES_clean,1,0.6683633025837297,1,1,1,0
PUZKOM_clean,0,0.328962028885763,1,0,0,0
QAQSAD_clean,1,0.7035622212851483,1,1,1,1
QITZIE_clean,0,0.2332908636144822,0,0,0,0
QODPOQ_clean,0,0.02087517541552371,0,0,0,0
QOFBIY_clean,0,0.020820043979546725,0,0,0,0
QOFCIZ_clean,0,0.020825963395335927,0,0,0,0
QOFDIA03_clean,0,0.020796441142592936,0,0,0,0
QOFDIA05_clean,0,0.02080655289912293,0,0,0,0
QOFLAA_clean,0,0.3546668922194306,1,0,0,0
QOPPOC_clean,1,0.7065863582649645,1,1,1,1
QOXFIU_clean,0,0.28640435478709525,0,0,0,0
QUFFED_clean,0,0.3387296700396104,1,0,0,0
QUQHAM_clean,1,0.7751573519050758,1,1,1,1
QUSCAJ_clean,1,0.7840800558859562,1,1,1,1
REHVAD_clean,1,0.697414833535033,1,1,1,0
XEHSAF_clean,1,0.9183252767252849,1,1,1,1
REWNEO01_clean,1,0.8721637101209851,1,1,1,1
REYBAA_clean,1,0.8729747223912805,1,1,1,1
REYCEF_clean,1,0.8042784994893982,1,1,1,1
REYJEM_clean,1,0.7120775083980553,1,1,1,1
REYPES_clean,1,0.7586071021993719,1,1,1,1
RIXBIK_clean,1,0.7861179788793156,1,1,1,1
ROQFUA04_clean,0,0.03634393557433228,0,0,0,0
ROQNES03_clean,0,0.03992250698097191,0,0,0,0
ROQNES04_clean,0,0.03992250698097191,0,0,0,0
TECTUS_clean,1,0.7422206172621445,1,1,1,1
RUWZOA_clean,0,0.20113726429234924,0,0,0,0
SAJDIT_clean,1,0.7721260884182224,1,1,1,1
SEJBAL_clean,0,0.4374934929072654,1,1,0,0
SENVIR_clean,0,0.5466131023278474,1,1,0,0
SETXEW_clean,1,0.8303691302266927,1,1,1,1
SEVLEM_clean,1,0.7135956025769468,1,1,1,1
SIYXIH10_clean,0,0.4937477204899908,1,1,0,0
SOCNAB_clean,0,0.37309559313411067,1,0,0,0
SOTXAC_clean,0,0.34881396428863853,1,0,0,0
SUGDIJ_auto,1,0.7634900289394603,1,1,1,1
SUSZOW_clean,1,0.813819628091573,1,1,1,1
TAGTED_clean,1,0.621530416330784,1,1,1,0
TAKHEV_clean,1,0.900140361926849,1,1,1,1
TAQGOK_clean,1,0.7551203568748857,1,1,1,1
TEYLIU_clean,1,0.8374550962622557,1,1,1,1
TIRQOB_clean,1,0.7975147191145194,1,1,1,1
TIXCIO_clean,1,0.7523304049810526,1,1,1,1
TOHYOF_clean,0,0.32760195679941373,1,0,0,0
TOVKIA_clean,1,0.801742436154863,1,1,1,1
TOWNEA_clean,1,0.8315029673162517,1,1,1,1
TOWNUQ_clean,1,0.7309441656714694,1,1,1,1
TUTJAU_clean,0,0.5043004460288217,1,1,0,0
UDEGIW_clean,1,0.7375691541602872,1,1,1,1
UDEPIE_clean,1,0.7381223012321414,1,1,1,1
UFEMIC_clean,1,0.675141267528607,1,1,1,0
UFISUY_clean,0,0.1124621825138174,0,0,0,0
UJEFOE01_clean,1,0.7664958035579827,1,1,1,1
UKUPIB_clean,0,0.406524527350788,1,1,0,0
UMESIQ_clean,1,0.871820560923293,1,1,1,1
UMOKIS_clean,1,0.8160647232575142,1,1,1,1
UNABIV_charged,1,0.8117044394940212,1,1,1,1
UNEBIZ_clean,1,0.7516547110924868,1,1,1,1
UTACOJ_clean,0,0.35991284876271024,1,0,0,0
UTOTUT01_clean,1,0.7285420954049681,1,1,1,1
UWODAN_clean,1,0.7505664199019404,1,1,1,1
VACLIX_clean,1,0.7863785884825424,1,1,1,1
VALVAI_clean,0,0.7410304455210656,1,1,1,1
VALXIS_clean,0,0.5821790304401058,1,1,0,0
VAPBIZ_clean,0,0.20343526968632625,0,0,0,0
VAYWEZ_clean,0,0.23563368407921698,0,0,0,0
VAYWID_clean,0,0.23563368407921687,0,0,0,0
VAZLEP_clean,1,0.9310178209612262,1,1,1,1
VAZMAM_clean,1,0.9141184634087984,1,1,1,1
VAZMIU_clean,1,0.9078045869098932,1,1,1,1
VAZMOA_clean,1,0.8985668891925205,1,1,1,1
VEDFAN_clean,1,0.9375673617604795,1,1,1,1
VEDGES_clean,1,0.9386809499989186,1,1,1,1
VEDGIW_clean,1,0.9396928200353436,1,1,1,1
VEGXIQ01_clean,1,0.8824688842730845,1,1,1,1
VEHKIE_SL,1,0.7970038730768756,1,1,1,1
VIWMAR_clean,0,0.23883186782851906,0,0,0,0
VIWMOF_clean,1,0.786140328641551,1,1,1,1
VODSEM_clean,0,0.3556936377336033,1,0,0,0
VONBIK_clean,1,0.9226665191187488,1,1,1,1
VOPHUF_clean,0,0.2899652856709729,0,0,0,0
WEDXAG_clean,0,0.34849584033673336,1,0,0,0
WEFCAN_clean,0,0.27724411121025727,0,0,0,0
WOPHEQ_clean,1,0.820276790341801,1,1,1,1
WOZGUP_clean,1,0.7272803186832906,1,1,1,1
WUDQIW_clean,0,0.3179196288427537,1,0,0,0
WURNOO_clean,1,0.7857396664670656,1,1,1,1
WUSLED_clean,1,0.7168313635767021,1,1,1,1
WUYXIZ_clean,0,0.14341192220034465,0,0,0,0
XADDAJ_clean,0,0.5939346255116573,1,1,0,0
XADDOX_clean,0,0.39960184184308717,1,0,0,0
XALBIW_clean,1,0.9322896708201167,1,1,1,1
XALBOC_clean,1,0.9588346918921595,1,1,1,1
XALCUJ_clean,1,0.9214833220982522,1,1,1,1
XAPTEQ_clean,1,0.7199163327123598,1,1,1,1
XENCAU_clean,1,0.7254998588952061,1,1,1,1
XILTAP_clean,0,0.2497665684648101,0,0,0,0
XISXEE_clean,0,0.22823986563010767,0,0,0,0
XOJPES_clean,1,0.6543830683273006,1,1,1,0
XOPKIX_clean,1,0.7939744762602143,1,1,1,1
XOPKOD_clean,1,0.7939744762602143,1,1,1,1
XOVVIO_clean,1,0.8471549858849832,1,1,1,1
XULRIH_clean,0,0.14338565825670885,0,0,0,0
YARBUQ_clean,0,0.24967382492195006,0,0,0,0
YEGKOM_clean,0,0.4072393169497835,1,1,0,0
YEKXOD_clean,1,0.8362460287150248,1,1,1,1
YEKXUJ_clean,1,0.7206783648686096,1,1,1,1
YOBYEV_clean,0,0.30656331471797427,1,0,0,0
YOCDUR_clean,0,0.33275884388184407,1,0,0,0
YOYRIP_clean,1,0.8938859599986005,1,1,1,1
YOYTUD_clean,1,0.9542925924499575,1,1,1,1
YOZYOD_clean,1,0.8962857227136931,1,1,1,1
YUBFOR_clean,1,0.6176910968193037,1,1,1,0
ZAGHAT_clean,1,0.728089340829663,1,1,1,1
ZAHLEC_clean,0,0.30169339076007384,1,0,0,0
ZALMIL_clean,1,0.8557291622934846,1,1,1,1
ZOXTOX_clean,1,0.9126862421860082,1,1,1,1
ZOYKEF_clean,0,0.3742804977427882,1,0,0,0
ZUKNAW_clean,0,0.3288439998397466,1,0,0,0
ZUQMAB_clean,1,0.8116381533869731,1,1,1,1
ZURROT_clean,1,0.7273385406196828,1,1,1,1
