,Chemical Name,PC1,PC2,Spin Splitting Energy (kcal/mol)
0,Co(III)(carbonyl)4eq(ammonia)ax1(ammonia)ax2,-4.002273097427224,1.3731693313371212,42.41232469
1,Cr(II)(bipy)3,6.025606285309368,-0.4047038696266265,-31.62699493
2,Cr(III)(water)4eq(ammonia)ax1(ammonia)ax2,-3.6139117879422584,-0.6821031607053745,-25.31705721
3,Fe(III)(bipy)3,5.744934722768748,1.779317394458828,16.89018589
4,Fe(II)(cyanide)4eq(cyanide)ax1(cyanide)ax2,-3.9417006191153567,1.4185816211552384,2.9225379589999996
5,Fe(III)(cyanide)4eq(cyanide)ax1(cyanide)ax2,-3.9487164232355796,1.5053252512213189,34.76841209
6,Cr(II)(pisc)4eq(pisc)ax1(pisc)ax2,2.459982480977202,0.8565369597861062,-6.5283988729999995
7,Mn(II)(en)3,1.4216390341445369,-3.4915469733832527,-32.18296665
8,Mn(III)(en)3,1.4146232300243156,-3.404803343317172,-42.0146315
9,Fe(III)(ox)4eq(ox)ax1(ox)ax2,0.2986085101838916,1.9415894512933034,-10.33331408
10,Fe(II)(ox)4eq(ox)ax1(ox)ax2,0.30562431430411324,1.8548458212272234,-29.84273561
11,Fe(II)(porphyrin)eq(carbonyl)ax1(carbonyl)ax2,0.7962939821587891,1.0960785504685637,83.97529054
12,Fe(II)(isothiocyanate)4eq(pisc)ax1(pisc)ax2,1.4067622733814273,2.7190962414106106,-1.553573336
13,Fe(III)(isothiocyanate)4eq(pisc)ax1(pisc)ax2,1.3997464692612054,2.8058398714766914,3.4891572
14,Co(II)(misc)4eq(misc)ax1(misc)ax2,-0.9087861019089468,2.151929761493165,10.6341097
15,Co(III)(misc)4eq(misc)ax1(misc)ax2,-0.9158019060291683,2.2386733915592463,73.69521731
16,Mn(II)(water)4eq(water)ax1(water)ax2,-3.1246439999862314,-2.3413531320218572,-48.93822752
17,Mn(III)(water)4eq(water)ax1(water)ax2,-3.1316598041064534,-2.2546095019557764,-50.23426744
18,Mn(III)(phen)3,7.056708377303861,-1.9477570154252566,-34.67519913
19,Mn(II)(phen)3,7.063724181424081,-2.0345006454913377,-22.26629277
20,Cr(III)(water)4eq(carbonyl)ax1(carbonyl)ax2,-3.4382779964438956,-0.32756478510272785,-23.40673399
21,Cr(II)(water)4eq(carbonyl)ax1(carbonyl)ax2,-3.4312621923236737,-0.4143084151688081,-36.19559296
22,Fe(III)(carbonyl)4eq(carbonyl)ax1(carbonyl)ax2,-3.7873101719746836,1.069839731697154,19.98293505
23,Fe(II)(carbonyl)4eq(carbonyl)ax1(carbonyl)ax2,-3.780294367854463,0.9830961016310731,30.25345419
24,Cr(III)(ox)4eq(carbonyl)ax1(carbonyl)ax2,-1.8430438293434075,-0.4254044378111128,-17.74441375
25,Mn(III)(tbuc)3,5.303103088382186,-0.21846793576829365,-41.85318266
26,Co(III)(water)4eq(water)ax1(water)ax2,-3.5910203602356603,2.125762932078351,2.369511452
27,Co(II)(water)4eq(water)ax1(water)ax2,-3.5840045561154383,2.0390193020122704,-19.17882693
28,Co(II)(water)2eq(water)ax1(water)ax2,-2.169550702485719,1.3863579035837976,1.351349176
29,Co(III)(pisc)4eq(pisc)ax1(pisc)ax2,2.2335775572464973,3.288281342867938,34.62181872
30,Fe(II)(pisc)4eq(cl)ax1(cl)ax2,-1.34944636564491,3.1610634410789973,20.29715553
31,Fe(III)(pisc)4eq(cl)ax1(cl)ax2,-1.3564621697651316,3.2478070711450786,25.80168882
32,Co(II)(cyanide)4eq(ammonia)ax1(ammonia)ax2,-4.085643641988694,1.6036617101630046,10.381080800000001
33,Mn(III)(water)4eq(carbonyl)ax1(carbonyl)ax2,-3.1781694722081197,-2.1105275383000244,-38.72746422
34,Mn(II)(water)4eq(carbonyl)ax1(carbonyl)ax2,-3.1711536680878973,-2.1972711683661057,-35.5214644
35,Fe(II)(pisc)4eq(isothiocyanate)ax1(isothiocyanate)ax2,-0.1553227078863003,1.7354558067739707,17.38814335
36,Fe(III)(pisc)4eq(isothiocyanate)ax1(isothiocyanate)ax2,-0.16233851200652194,1.8221994368400514,27.18265532
37,Mn(II)(isothiocyanate)4eq(ammonia)ax1(ammonia)ax2,-2.4691557643935766,-2.6345818745584872,-29.86786015
38,Fe(II)(isothiocyanate)4eq(water)ax1(water)ax2,-2.711724596231016,1.309511236084517,-20.87462542
39,Fe(II)(pisc)4eq(cyanide)ax1(cyanide)ax2,-1.9551218537358457,1.4405716130348107,57.41337539999999
40,Fe(III)(porphyrin)eq(cyanide)ax1(cyanide)ax2,0.7178441557702375,1.301350488650265,26.98105647
41,Fe(II)(porphyrin)eq(cyanide)ax1(cyanide)ax2,0.7248599598904589,1.2146068585841845,46.43326387
42,Fe(III)(pisc)4eq(pisc)ax1(pisc)ax2,2.2639533712432907,2.7749099614335573,40.77782904
43,Cr(II)(cyanide)4eq(water)ax1(water)ax2,-3.6750359413796407,-0.6041049367616068,-20.976260500000002
44,Co(III)(ammonia)4eq(ammonia)ax1(ammonia)ax2,-3.8239811284871,1.7271725249134844,36.07419786
45,Co(II)(ammonia)4eq(ammonia)ax1(ammonia)ax2,-3.816965324366878,1.6404288948474042,-9.97020521
46,Fe(III)(porphyrin)eq(water)ax1(water)ax2,0.8254483152571518,1.139360201656835,-1.428195119
47,Co(II)(isothiocyanate)4eq(isothiocyanate)ax1(isothiocyanate)ax2,-1.0248080484269393,2.2861249391549445,-17.36452302
48,Co(III)(isothiocyanate)4eq(isothiocyanate)ax1(isothiocyanate)ax2,-1.0318238525471608,2.3728685692210254,6.466767965
49,Cr(II)(water)4eq(water)ax1(water)ax2,-3.3892960860560564,-0.5260170968514711,-53.95560736
50,Fe(III)(water)4eq(water)ax1(water)ax2,-3.563201168447843,1.5570657703251425,-26.04185767
51,Fe(II)(water)4eq(water)ax1(water)ax2,-3.556185364327622,1.4703221402590618,-26.05316934
52,Fe(II)(tbuc)3,4.819475743967598,3.291905946908422,-32.61143158
53,Fe(III)(tbuc)3,4.812459939847373,3.378649576974503,-20.18896392
54,Fe(III)(cl)4eq(cl)ax1(cl)ax2,-3.4266867452670873,6.553313594625169,-25.47411983
55,Co(II)(ammonia)2eq(ammonia)ax1(ammonia)ax2,-0.7499464112090064,1.022788256718096,-2.412518129
56,Cr(II)(ammonia)4eq(ammonia)ax1(ammonia)ax2,-3.605272723183875,-1.1209026690040065,-48.56857773
57,Fe(III)(phen)3,6.387830850733104,2.0539030605996333,11.01839513
58,Fe(II)(phen)3,6.394846654853325,1.967159430533553,1.729443604
59,Co(II)(ammonia)4eq(water)ax1(water)ax2,-3.5950698610173144,1.8177703411049562,-3.8595711
60,Mn(III)(pisc)4eq(pisc)ax1(pisc)ax2,2.753943930258801,-0.8038193858850096,7.383846556
61,Mn(II)(pisc)4eq(pisc)ax1(pisc)ax2,2.7609597343790226,-0.8905630159510887,14.70674217
62,Fe(II)(ammonia)4eq(ammonia)ax1(ammonia)ax2,-3.784711991083388,1.0295881813978818,-10.56564584
63,Fe(III)(ammonia)4eq(ammonia)ax1(ammonia)ax2,-3.791727795203609,1.1163318114639624,5.804575011
64,Co(III)(tbuc)3,4.784931883003703,3.908052588104506,-2.5467994519999997
65,Co(II)(tbuc)3,4.791947687123925,3.8213089580384234,-19.2416176
66,Fe(III)(cl)4eq(pisc)ax1(pisc)ax2,0.1905524304702007,6.0802850266351856,4.971204493
67,Fe(II)(cl)4eq(pisc)ax1(pisc)ax2,0.19756823459042241,5.993541396569105,-6.228205545
68,Mn(II)(ammonia)4eq(pisc)ax1(pisc)ax2,1.016237509004408,-1.2845963937031575,-20.55534739
69,Co(II)(pisc)2eq(pisc)ax1(pisc)ax2,1.9480839597237327,2.77750098213695,0.19228704600000002
70,Co(III)(ox)4eq(ox)ax1(ox)ax2,0.27548133304171546,2.4705946737311435,18.21162037
71,Co(II)(ox)4eq(ox)ax1(ox)ax2,0.282497137161937,2.3838510436650635,-17.61770647
72,Fe(II)(misc)4eq(misc)ax1(misc)ax2,-0.8784102879121536,1.6385583800587848,42.18882833
73,Fe(III)(misc)4eq(misc)ax1(misc)ax2,-0.8854260920323751,1.725302010124866,37.6766572
74,Cr(II)(ox)4eq(ox)ax1(ox)ax2,0.48120566910887197,-0.008768438887164701,-50.43549806
75,Fe(II)(ox)4eq(pisc)ax1(pisc)ax2,2.148702024203302,2.6934584045296166,5.529388752000001
76,Mn(III)(water)4eq(pisc)ax1(pisc)ax2,1.0032711999041524,-0.7675016253252892,-57.64994554
77,Mn(II)(water)4eq(pisc)ax1(pisc)ax2,1.0102870040243743,-0.8542452553913702,-31.54886516
78,Fe(III)(isothiocyanate)4eq(isothiocyanate)ax1(isothiocyanate)ax2,-1.0244958431700113,1.8532141712117507,-12.59309402
79,Fe(II)(isothiocyanate)4eq(isothiocyanate)ax1(isothiocyanate)ax2,-1.0174800390497898,1.7664705411456703,-20.3464897
80,Co(III)(ox)4eq(isothiocyanate)ax1(isothiocyanate)ax2,-0.2987437611997154,2.3535338596422557,10.2342218
81,Fe(II)(isothiocyanate)4eq(carbonyl)ax1(carbonyl)ax2,-2.747894733449601,1.3529732149623248,5.846189621000001
82,Fe(III)(isothiocyanate)4eq(carbonyl)ax1(carbonyl)ax2,-2.754910537569822,1.439716845028406,-0.8229797759999999
83,Mn(II)(bipy)3,6.420828053459723,-2.309086311632143,-21.95967512
84,Mn(III)(bipy)3,6.4138122493395,-2.222342681566062,-32.83228788
85,Mn(II)(ammonia)4eq(carbonyl)ax1(carbonyl)ax2,-3.165203163107864,-2.627622306677892,-16.1339201
86,Mn(III)(ammonia)4eq(carbonyl)ax1(carbonyl)ax2,-3.172218967228085,-2.540878676611812,-50.75885415
87,Co(II)(porphyrin)eq(carbonyl)ax1(carbonyl)ax2,0.7625478055702939,1.658825032054546,7.604233226
88,Fe(III)(ox)4eq(isothiocyanate)ax1(isothiocyanate)ax2,-0.28088297331254825,1.8276455786806045,-5.8100800889999995
89,Fe(III)(cl)4eq(water)ax1(water)ax2,-3.9270227599942804,4.670737752414008,7.773296772
90,Fe(III)(en)3,0.7938452883932438,0.8124089639762446,9.601952704
91,Fe(II)(en)3,0.8008610925134654,0.7256653339101639,-5.027801268999999
92,Co(II)(bipy)3,5.703765286182754,2.2866988621125106,-6.225646812000001
93,Co(III)(bipy)3,5.696749482062533,2.3734424921785906,40.64824457
94,Co(III)(phen)3,6.339645610026887,2.6480281583193963,28.67060854
95,Co(II)(phen)3,6.346661414147107,2.561284528253315,-5.773279041
96,Co(II)(carbonyl)4eq(carbonyl)ax1(carbonyl)ax2,-3.807166814714989,1.4850742944103077,6.228782979
97,Co(III)(carbonyl)4eq(carbonyl)ax1(carbonyl)ax2,-3.8141826188352117,1.5718179244763886,56.28889695
98,Mn(II)(water)2eq(water)ax1(water)ax2,-1.562926172752534,-3.308183592672105,-37.31818707
99,Cr(II)(carbonyl)4eq(cyanide)ax1(cyanide)ax2,-3.6924062240471587,-0.6900713636219135,-2.035427653
100,Cr(III)(carbonyl)4eq(cyanide)ax1(cyanide)ax2,-3.699422028167381,-0.6033277335558332,-14.60325381
101,Fe(III)(isothiocyanate)4eq(cyanide)ax1(cyanide)ax2,-2.8263445598381525,1.5582451531440262,4.739386985
102,Mn(II)(ammonia)4eq(ammonia)ax1(ammonia)ax2,-3.3366394491546227,-3.053785460818021,-37.60588863
103,Mn(III)(ammonia)4eq(ammonia)ax1(ammonia)ax2,-3.3436552532748456,-2.96704183075194,-45.32434609
104,Co(II)(porphyrin)eq(ammonia)ax1(ammonia)ax2,0.5765068977968845,1.4602612632438445,2.319467946
105,Cr(II)(misc)4eq(misc)ax1(misc)ax2,-0.6893969822984632,-0.19307099152258533,-17.04507939
106,Co(II)(water)2eq(water)ax1(water)ax2,-0.5280509478594424,1.200129702975648,-6.619236207
107,Cr(III)(pisc)2eq(pisc)ax1(pisc)ax2,2.948687428524819,1.119065672212982,-15.1030837
108,Mn(III)(carbonyl)2eq(carbonyl)ax1(carbonyl)ax2,-1.613412714481211,-3.0772322286005465,-47.51413763
109,Mn(II)(carbonyl)2eq(carbonyl)ax1(carbonyl)ax2,-1.6063969103609894,-3.163975858666628,-8.835575037
110,Mn(II)(isothiocyanate)4eq(isothiocyanate)ax1(isothiocyanate)ax2,-0.5470369379815029,-1.8208983584763996,-46.77209691
111,Mn(III)(isothiocyanate)4eq(isothiocyanate)ax1(isothiocyanate)ax2,-0.5540527421017245,-1.7341547284103191,-33.60962594
112,Mn(III)(cyanide)4eq(ammonia)ax1(ammonia)ax2,-3.6388096244016643,-2.5504503081680623,-39.59065882
113,Co(II)(en)3,0.7413825176093639,1.360079053983537,-7.813100767000001
114,Co(III)(en)3,0.7343667134891417,1.4468226840496181,40.11729052
115,Cr(III)(tbuc)3,4.996843054055125,1.5142397394757925,-23.71663433
116,Cr(II)(tbuc)3,5.003858858175344,1.4274961094097118,-54.01119002
117,Mn(II)(cyanide)2eq(cyanide)ax1(cyanide)ax2,-1.6766713974997387,-3.046228183504583,-16.77793887
118,Mn(II)(carbonyl)4eq(ammonia)ax1(ammonia)ax2,-3.5441406615480378,-2.952589883735532,-11.00454713
119,Cr(II)(pisc)4eq(isothiocyanate)ax1(isothiocyanate)ax2,0.01868050228106149,-0.10060131136602832,-4.526530993
120,Mn(III)(misc)4eq(misc)ax1(misc)ax2,-0.3954355330168654,-1.8534273371937005,-21.70513663
121,Mn(II)(misc)4eq(misc)ax1(misc)ax2,-0.3884197288966437,-1.9401709672597813,8.963505838
122,Mn(II)(cyanide)4eq(cyanide)ax1(cyanide)ax2,-3.528582450554836,-2.093198284603406,-30.62225087
123,Mn(III)(cyanide)4eq(cyanide)ax1(cyanide)ax2,-3.535598254675057,-2.0064546545373254,-26.62235095
124,Co(III)(pisc)2eq(pisc)ax1(pisc)ax2,2.7342836079537105,3.496607822304042,-3.364028919
125,Mn(III)(ox)4eq(ox)ax1(ox)ax2,0.7848507790172058,-1.6551302727573312,-42.83452538
126,Mn(II)(ox)4eq(ox)ax1(ox)ax2,0.7918665831374271,-1.741873902823413,-49.74669231
127,Co(II)(water)4eq(isothiocyanate)ax1(isothiocyanate)ax2,-1.884295416254946,2.4795744931589025,-11.92031479
128,Co(III)(cyanide)4eq(cyanide)ax1(cyanide)ax2,-3.976210049629808,2.007721640225684,69.09905893
129,Cr(II)(cyanide)4eq(cyanide)ax1(cyanide)ax2,-3.7809704460966627,-0.3740620636569986,-38.0345147
130,Mn(III)(porphyrin)eq(ammonia)ax1(ammonia)ax2,1.1929719645937438,-3.080264045434446,5.897794245
131,Cr(II)(carbonyl)4eq(carbonyl)ax1(carbonyl)ax2,-3.621676205250361,-0.8081257160157195,-23.04567864
132,Co(III)(cyanide)4eq(water)ax1(water)ax2,-3.8724371017949393,1.867677542136789,49.343779
133,Mn(II)(carbonyl)4eq(carbonyl)ax1(carbonyl)ax2,-3.3706548046826827,-2.526341905266839,-6.57434355
134,Mn(III)(carbonyl)4eq(carbonyl)ax1(carbonyl)ax2,-3.3776706088029043,-2.439598275200759,-32.00968141
135,Cr(II)(phen)3,6.668502413273725,-0.13011820348582565,-32.32193591
136,Cr(II)(ammonia)4eq(cyanide)ax1(cyanide)ax2,-3.4986958314467214,-0.6482406966577037,-41.87074584
137,Fe(III)(pisc)4eq(water)ax1(water)ax2,-1.858256188223336,1.3651708874290487,9.625441514
138,Cr(II)(en)3,1.0790274135051545,-1.5055306431818452,-43.36595778
139,Mn(III)(ammonia)2eq(ammonia)ax1(ammonia)ax2,-0.11881174540716283,-3.5190630142674,-40.30917075
140,Mn(II)(ammonia)2eq(ammonia)ax1(ammonia)ax2,-0.11179594128694127,-3.60580664433348,-27.35775927
141,Cr(III)(ox)4eq(pisc)ax1(pisc)ax2,2.3217448918241494,0.9272494039923145,-18.44708559
142,Fe(III)(isothiocyanate)4eq(cl)ax1(cl)ax2,-2.2181175652179443,3.278842578821731,-16.46960405
143,Fe(II)(carbonyl)2eq(carbonyl)ax1(carbonyl)ax2,-2.1567953925056305,0.817311681828288,11.64227775
144,Co(III)(cl)2eq(cl)ax1(cl)ax2,-0.2656661390481417,3.1222347177811733,24.04775609
145,Mn(II)(acac)3,5.138079266114313,-0.9812379147436309,-34.0337571
146,Mn(III)(acac)3,5.131063461994092,-0.8944942846775498,-37.95121231
147,Mn(III)(isothiocyanate)4eq(pisc)ax1(pisc)ax2,1.8767053896452333,-0.7786491773775437,-24.93621918
148,Mn(II)(isothiocyanate)4eq(pisc)ax1(pisc)ax2,1.8837211937654557,-0.8653928074436243,-12.00409233
149,Mn(III)(pisc)4eq(isothiocyanate)ax1(isothiocyanate)ax2,0.3211362276932469,-1.7594097612463495,-10.45855519
150,Mn(III)(cl)2eq(cl)ax1(cl)ax2,0.5814871758942014,-1.1914935307114332,-38.67709227
151,Mn(II)(cl)2eq(cl)ax1(cl)ax2,0.5885029800144235,-1.2782371607775134,-31.95938131
152,Cr(III)(cl)2eq(cl)ax1(cl)ax2,0.2282326079814132,0.5867363753801412,-22.76839519
153,Mn(III)(ox)4eq(water)ax1(water)ax2,-1.5057530850334786,-2.297628773841403,-48.92852007
154,Mn(II)(ammonia)4eq(cyanide)ax1(cyanide)ax2,-3.235477650246613,-2.5098746315158498,-22.81019328
155,Mn(III)(ammonia)4eq(cyanide)ax1(cyanide)ax2,-3.2424934543668344,-2.423131001449768,-44.78694087
156,Cr(II)(ammonia)2eq(ammonia)ax1(ammonia)ax2,-1.3847192800208792,-0.6748701752591729,-49.56997873
157,Cr(II)(ammonia)2eq(ammonia)ax1(ammonia)ax2,-0.4648215447302616,-1.6919240857251343,-38.67132966
158,Mn(II)(carbonyl)4eq(cyanide)ax1(cyanide)ax2,-3.4409292918214316,-2.408594230104796,24.85951475
159,Mn(III)(carbonyl)4eq(cyanide)ax1(cyanide)ax2,-3.447945095941655,-2.3218506000387147,-18.81817764
160,Cr(II)(water)4eq(pisc)ax1(pisc)ax2,0.7335265288438844,0.9383454266346186,-41.20624013
161,Cr(III)(water)4eq(isothiocyanate)ax1(isothiocyanate)ax2,-1.7110685641182954,0.06810485422697896,-21.258234899999998
162,Cr(II)(isothiocyanate)4eq(cl)ax1(cl)ax2,-2.0762702867671514,1.3632667459952545,-50.49662571
163,Cr(III)(ammonia)4eq(carbonyl)ax1(carbonyl)ax2,-3.4349816167701457,-0.6795514189854285,-25.94350848
164,Mn(II)(water)4eq(cl)ax1(cl)ax2,-2.6402081703604177,-0.29577863680045435,-45.24164341
165,Mn(III)(water)4eq(cl)ax1(cl)ax2,-2.647223974480639,-0.2090350067343739,-52.03644856
166,Cr(III)(carbonyl)4eq(ammonia)ax1(ammonia)ax2,-3.8080484907231282,-1.0760745302307002,-24.91794918
167,Cr(II)(carbonyl)4eq(ammonia)ax1(ammonia)ax2,-3.8010326866029067,-1.1628181602967806,-30.18942155
168,Mn(II)(isothiocyanate)4eq(cl)ax1(cl)ax2,-1.768856843092212,-0.307012391002521,-50.15231884
169,Mn(III)(isothiocyanate)4eq(cl)ax1(cl)ax2,-1.7758726472124338,-0.22026876093644004,-38.60330738
170,Mn(III)(ammonia)2eq(ammonia)ax1(ammonia)ax2,-1.0980173032466445,-2.3875592592938215,-37.78723812
171,Cr(II)(water)4eq(cl)ax1(cl)ax2,-2.906416283552853,1.4230869980677028,-52.55136854
172,Cr(III)(carbonyl)2eq(carbonyl)ax1(carbonyl)ax2,-1.9254942617633584,-1.1804826120492347,-25.31174114
173,Fe(II)(isothiocyanate)2eq(isothiocyanate)ax1(isothiocyanate)ax2,-0.045318335037086155,1.7844404653974493,-16.50798108
174,Co(II)(cyanide)2eq(cyanide)ax1(cyanide)ax2,-1.8773174799688603,2.0134613375446704,-4.625522186
175,Co(II)(isothiocyanate)2eq(isothiocyanate)ax1(isothiocyanate)ax2,-0.06707377192610456,2.3142522696305488,-14.61851377
176,Fe(III)(cyanide)2eq(cyanide)ax1(cyanide)ax2,-1.8558559748610373,1.5761458330459577,9.057704113
177,Fe(II)(cyanide)2eq(cyanide)ax1(cyanide)ax2,-1.8488401707408155,1.4894022029798768,-13.54941862
178,Fe(III)(acac)3,4.601984118231788,2.7360979488452086,-0.6251929860000001
179,Fe(II)(acac)3,4.608999922352009,2.6493543187791277,-15.37815381
180,Mn(III)(ammonia)2eq(ammonia)ax1(ammonia)ax2,-1.4649190360384163,-2.55868387617442,-35.43155942
181,Mn(II)(ammonia)2eq(ammonia)ax1(ammonia)ax2,-1.457903231918195,-2.6454275062405013,-27.12257354
182,Co(II)(acac)3,4.580030771707057,3.1842448261241376,-13.28039814
183,Co(III)(acac)3,4.573014967586837,3.270988456190216,23.5020631
184,Co(II)(ammonia)2eq(ammonia)ax1(ammonia)ax2,-1.9900441865937837,1.6962991062264865,-12.03366698
185,Co(III)(ammonia)2eq(ammonia)ax1(ammonia)ax2,-1.9970599907140054,1.783042736292568,24.23997763
186,Fe(III)(cl)2eq(cl)ax1(cl)ax2,-1.2455461177679539,3.2968294608734756,-8.029074602
187,Fe(II)(cl)2eq(cl)ax1(cl)ax2,-1.2385303136477324,3.2100858308073947,-26.63962391
188,Co(III)(misc)4eq(ammonia)ax1(ammonia)ax2,-3.49286611193423,1.5768647118151202,56.76037308
189,Co(II)(misc)4eq(ammonia)ax1(ammonia)ax2,-3.4858503078140095,1.4901210817490407,7.612716966
190,Co(II)(misc)2eq(misc)ax1(misc)ax2,0.583297329457094,2.357953717292198,-5.807072248
191,Co(III)(misc)2eq(misc)ax1(misc)ax2,0.5762815253368724,2.4446973473582774,27.68634477
192,Mn(II)(en)1(phosacidbipyridine)2,7.624005500592371,-1.267025842863303,-26.88336064
193,Mn(III)(en)1(phosacidbipyridine)2,7.616989696472148,-1.1802822127972223,-37.58755204
194,Mn(III)(pisc)4eq(pyridine)ax1(pyridine)ax2,2.8506253046496535,-2.0634188734913663,-16.22003561
195,Mn(II)(phenisc)4eq(methylamine)ax1(methylamine)ax2,-2.330074762830246,-3.391010041544208,-2.2921146180000003
196,Mn(III)(phenisc)4eq(methylamine)ax1(methylamine)ax2,-2.3370905669504682,-3.3042664114781255,-16.93339883
197,Co(III)(chloropyridine)4eq(misc)ax1(misc)ax2,1.2690405057782566,1.4347929768394336,21.62510099
198,Mn(II)(misc)4eq(ammonia)ax1(ammonia)ax2,-2.978830767401722,-2.802684189308065,-6.619778564
199,Mn(III)(misc)4eq(ammonia)ax1(ammonia)ax2,-2.9858465715219435,-2.715940559241985,-31.03582092
200,Mn(II)(isothiocyanate)2eq(isothiocyanate)ax1(isothiocyanate)ax2,1.5719344161640199,-2.829359650925349,-19.02445401
201,Fe(II)(tbisc)2eq(tbisc)ax1(tbisc)ax2,1.135744814490246,2.275855149329349,-1.18232466
202,Fe(III)(tbisc)2eq(tbisc)ax1(tbisc)ax2,1.1287290103700247,2.3625987793954297,8.32050909
203,Mn(III)(phenisc)4eq(carbonyl)ax1(carbonyl)ax2,-2.2465219402000143,-2.223698248138363,10.1507326
204,Mn(II)(phenisc)4eq(carbonyl)ax1(carbonyl)ax2,-2.239506136079793,-2.3104418782044434,21.00354731
205,Mn(III)(en)1(aceticacidbipyridine)2,6.9134060274191125,-1.4624783542174153,-37.6529091
206,Co(II)(methylamine)4eq(furan)ax1(furan)ax2,1.3996806243937718,1.247386676967787,-1.67543725
207,Cr(II)(methylamine)4eq(benzisc)ax1(benzisc)ax2,1.5034579810134858,-0.6153068649130216,-33.60912029
208,Mn(II)(en)1(mebipyridine)2,5.709634826450868,-1.9983133201063596,-27.38678271
209,Cr(II)(methylamine)4eq(misc)ax1(misc)ax2,0.2628284439524615,-1.1410343447723688,-36.12414994
210,Fe(II)(tbisc)2eq(tbisc)ax1(tbisc)ax2,2.4097089664751947,1.5568833687700874,8.610418416
211,Fe(III)(tbisc)2eq(tbisc)ax1(tbisc)ax2,2.402693162354973,1.6436269988361676,18.09952163
212,Mn(III)(en)1(ethbipyridine)2,6.465273856518233,-1.6398872057287126,-36.84063401
213,Mn(II)(en)1(ethbipyridine)2,6.472289660638454,-1.7266308357947926,-27.35635766
214,Cr(III)(acac)1(tbuc)2,4.613744901976691,1.352436374192125,-22.86770396
215,Fe(II)(isothiocyanate)4eq(misc)ax1(misc)ax2,-0.35775321709112196,1.812335572015467,1.9255024840000001
216,Fe(III)(isothiocyanate)4eq(misc)ax1(misc)ax2,-0.36476902121134347,1.8990792020815477,3.670555701
217,Mn(II)(carbonyl)4eq(misc)ax1(misc)ax2,-0.9537296230429595,-2.090076661687248,6.125481047
218,Mn(III)(carbonyl)4eq(misc)ax1(misc)ax2,-0.9607454271631812,-2.003333031621167,-28.23042424
219,Mn(II)(misc)4eq(pyridine)ax1(pyridine)ax2,1.4727771359667585,-2.293009785470994,-4.523251252
220,Mn(III)(misc)4eq(pyridine)ax1(pyridine)ax2,1.4657613318465375,-2.206266155404914,-23.83985448
221,Mn(II)(tbisc)4eq(methylamine)ax1(methylamine)ax2,-2.263517893554843,-3.3962385515573668,-5.560203232999999
222,Mn(III)(tbisc)4eq(methylamine)ax1(methylamine)ax2,-2.2705336976750647,-3.3094949214912877,-29.59382405
223,Co(III)(benzisc)2eq(benzisc)ax1(benzisc)ax2,1.816911062397896,2.9704248272176255,23.42967198
224,Co(II)(benzisc)2eq(benzisc)ax1(benzisc)ax2,1.823926866518118,2.8836811971515455,-5.733541123999999
225,Fe(III)(en)1(phen)2,4.753859985572084,2.213272179638708,11.4916515
226,Co(II)(methylamine)2eq(methylamine)ax1(methylamine)ax2,-2.007690162441532,1.121087271072787,-9.260820906000001
227,Co(III)(methylamine)2eq(methylamine)ax1(methylamine)ax2,-2.0147059665617535,1.2078309011388682,27.89576044
228,Mn(III)(tbisc)4eq(cyanopyridine)ax1(cyanopyridine)ax2,2.36276446843161,-2.0475479498757165,-22.70795146
229,Mn(II)(tbisc)4eq(cyanopyridine)ax1(cyanopyridine)ax2,2.369780272551832,-2.134291579941798,-6.1054232079999995
230,Mn(II)(phenisc)4eq(pyridine)ax1(pyridine)ax2,2.0386159104233323,-2.2270154528360653,-2.789065307
231,Mn(III)(phenisc)4eq(pyridine)ax1(pyridine)ax2,2.031600106303111,-2.140271822769985,-17.03180863
232,Fe(II)(methylamine)4eq(phenisc)ax1(phenisc)ax2,-0.08586457608870203,1.2724639742294563,3.2046125780000003
233,Fe(III)(methylamine)4eq(phenisc)ax1(phenisc)ax2,-0.09288038020892367,1.3592076042955374,6.3307140539999995
234,Co(III)(bipy)1(phen)2,6.1012571410657745,2.6107916356454393,33.52520351
235,Co(II)(bipy)1(phen)2,6.108272945185996,2.524048005579358,64.49405869
236,Cr(II)(thiopyridine)4eq(pisc)ax1(pisc)ax2,3.3780535218071606,-0.35689162205267655,-32.49359163
237,Fe(III)(isothiocyanate)2eq(isothiocyanate)ax1(isothiocyanate)ax2,1.2199568937920522,1.1521430705544211,0.476379045
238,Mn(III)(phenisc)4eq(ammonia)ax1(ammonia)ax2,-2.4200077970653693,-2.649946226607056,-16.91746674
239,Mn(II)(phenisc)4eq(ammonia)ax1(ammonia)ax2,-2.4129919929451478,-2.736689856673136,-4.158131273
240,Mn(II)(misc)4eq(cyanopyridine)ax1(cyanopyridine)ax2,1.7373846288198547,-2.195057402563566,-6.3716306220000005
241,Mn(III)(misc)4eq(cyanopyridine)ax1(cyanopyridine)ax2,1.7303688246996325,-2.1083137724974845,-22.16334732
242,Cr(II)(ammonia)4eq(misc)ax1(misc)ax2,-1.0276925819549145,-0.32040187664322645,-35.93272905
243,Co(III)(cyanopyridine)4eq(tbisc)ax1(tbisc)ax2,1.747222102488776,1.867152242589865,39.75664016
244,Mn(II)(benzisc)4eq(ammonia)ax1(ammonia)ax2,-2.2239973861242976,-2.7216452859505553,-4.68529303
245,Mn(III)(benzisc)4eq(ammonia)ax1(ammonia)ax2,-2.2310131902445196,-2.634901655884476,-21.56962607
246,Fe(III)(pisc)2eq(pisc)ax1(pisc)ax2,3.644199206223271,2.104768770819362,12.22961472
247,Fe(II)(pisc)2eq(pisc)ax1(pisc)ax2,3.6512150103434924,2.018025140753281,9.156659538
248,Cr(II)(methylamine)4eq(tbisc)ax1(tbisc)ax2,0.7858378905567143,-0.6954154473604185,-35.71435518
249,Mn(II)(en)1(bipy)2,4.99317926730003,-2.2561821574314607,-27.52602506
250,Mn(III)(en)1(bipy)2,4.986163463179808,-2.1694385273653793,-37.63381939
251,Mn(III)(tbisc)4eq(ammonia)ax1(ammonia)ax2,-2.353450927789965,-2.6551747366202156,-32.57285512
252,Mn(II)(tbisc)4eq(ammonia)ax1(ammonia)ax2,-2.3464351236697434,-2.741918366686297,-6.159152517000001
253,Co(II)(tbisc)2eq(tbisc)ax1(tbisc)ax2,0.7065779158554366,2.316359210153756,-3.780900485
254,Co(III)(tbisc)2eq(tbisc)ax1(tbisc)ax2,0.699562111735215,2.403102840219837,49.20557028
255,Cr(II)(chloropyridine)4eq(phenisc)ax1(phenisc)ax2,1.5398086110517388,-0.9750073313914993,-34.83258667
256,Fe(III)(cyanopyridine)4eq(pisc)ax1(pisc)ax2,3.0402331693976827,1.7531071795081425,5.7632627979999995
257,Cr(II)(ammonia)4eq(pisc)ax1(pisc)ax2,0.736822908517635,0.5863587927519174,-36.22928539
258,Cr(II)(en)2eq(en)ax1(en)ax2,1.1631509649606935,-0.7503832245938733,-33.90831638
259,Fe(II)(mebipyridine)1(mecat)2,4.368758412652596,1.940303901575163,-2.138601886
260,Cr(II)(pyrrole)4eq(pyrrole)ax1(pyrrole)ax2,2.3349829034684197,-1.7751466697593723,-30.47765486
261,Mn(III)(pyridine)4eq(pyridine)ax1(pyridine)ax2,3.6928356934519027,-3.430027937203333,-50.82819232
262,Mn(II)(pyridine)4eq(pyridine)ax1(pyridine)ax2,3.6998514975721237,-3.516771567269413,-42.30540548
263,Fe(III)(phenacac)3,6.096163423631198,3.5088893738225746,-2.00305381
264,Fe(II)(phenacac)3,6.10317922775142,3.4221457437564937,-10.75093113
265,Mn(III)(cat)3,3.084514162878887,-0.8960414569553579,-42.33493865
266,Fe(III)(pyrrole)4eq(pyrrole)ax1(pyrrole)ax2,2.004023809825329,0.4498492245560295,-1.187740067
267,Fe(III)(pyridine)4eq(pyridine)ax1(pyridine)ax2,2.9360835771724223,0.639576052111883,-5.0755145189999995
268,Fe(II)(pyridine)4eq(pyridine)ax1(pyridine)ax2,2.9430993812926443,0.5528324220458023,-16.93205866
269,Cr(II)(phenacac)3,6.301703908256669,1.538243062873216,-36.60965586
270,Co(III)(cat)3,2.566342957500405,3.2304790669174404,-2.914147906
271,Fe(III)(cat)3,2.593871014344077,2.7010760557874396,-20.85066466
272,Fe(II)(cat)3,2.6008868184642977,2.614332425721358,-34.12196009
273,Cr(II)(ethylesteracac)3,6.740095301728967,1.4192345989548958,-40.12347211
274,Mn(III)(phenacac)3,6.625242767393502,-0.12170285970018475,-34.43266708
275,Cr(II)(cat)3,2.7852699326720476,0.7499225882226472,-59.48734287
276,Cr(III)(cat)3,2.778254128551826,0.8366662182887277,-23.68091668
277,Co(II)(phenacac)3,6.074210077106466,3.9570362511015027,-12.99049101
278,Co(III)(phenacac)3,6.067194272986246,4.043779881167584,23.30085413
279,Co(II)(ethylesteracac)3,6.512601470578766,3.838027787183184,-12.969127199999999
280,Co(III)(ethylesteracac)3,6.505585666458544,3.9247714172492647,22.61072012
281,Co(III)(pyrrole)4eq(pyrrole)ax1(pyrrole)ax2,1.9419541822628097,1.055943786436213,25.41789058
282,Mn(III)(pyrrole)4eq(pyrrole)ax1(pyrrole)ax2,2.7607759261048086,-3.6197547647591874,-44.38985612
283,Cr(II)(pyridine)4eq(pyridine)ax1(pyridine)ax2,3.2670426708155116,-1.5854198422035188,-51.29089071
284,Mn(II)(ethylesteracac)3,7.070649964986025,-0.3274549536845846,-34.06967085
285,Mn(III)(ethylesteracac)3,7.063634160865803,-0.24071132361850367,-34.74728083
286,Fe(III)(ethylesteracac)3,6.534554817103497,3.389880909904253,-1.935588884
287,Fe(II)(ethylesteracac)3,6.541570621223719,3.3031372798381735,-12.02271486
288,Mn(II)(carbonyl)4eq(carbonyl)ax1(misc)ax2,-2.1621922138628213,-2.3082092834770433,-1.288182626
289,Mn(III)(carbonyl)4eq(carbonyl)ax1(misc)ax2,-2.1692080179830424,-2.221465653410963,-28.69675385
290,Cr(II)(misc)4eq(misc)ax1(furan)ax2,0.07411741033533016,-0.4330772413010981,-27.17711234
291,Co(III)(misc)4eq(pyridine)ax1(misc)ax2,-0.03507413357857876,2.159514984673513,64.68695078
292,Co(II)(misc)4eq(pyridine)ax1(misc)ax2,-0.02805832945835712,2.0727713546074313,13.94722231
293,Cr(III)(misc)4eq(water)ax1(carbonyl)ax2,-3.0795063754252947,-0.6082322841594475,-23.00375172
294,Fe(III)(misc)4eq(pyridine)ax1(carbonyl)ax2,-1.1944867755000712,1.4010085613049277,26.57507608
295,Fe(II)(misc)4eq(pyridine)ax1(carbonyl)ax2,-1.1874709713798495,1.3142649312388472,31.77016385
296,Cr(III)(pyridine)4eq(water)ax1(water)ax2,-0.920621766122379,-1.765067092471695,-25.504678600000002
297,Cr(II)(pyridine)4eq(water)ax1(water)ax2,-0.9136059620021573,-1.8518107225377751,-55.19640781
298,Cr(II)(water)4eq(pyridine)ax1(furan)ax2,0.6467313277007638,-0.3539013658389848,-48.5263727
299,Fe(III)(carbonyl)4eq(misc)ax1(misc)ax2,-1.3971686556162046,1.5292020887502964,28.85444159
300,Fe(II)(carbonyl)4eq(misc)ax1(misc)ax2,-1.3901528514959833,1.4424584586842155,35.3124969
301,Fe(II)(furan)4eq(water)ax1(carbonyl)ax2,-0.7692904315766304,0.01967686501526355,-19.51738104
302,Fe(III)(furan)4eq(water)ax1(carbonyl)ax2,-0.7763062356968519,0.10642049508134435,-23.34190969
303,Mn(II)(misc)4eq(water)ax1(pyridine)ax2,-0.6464952266237701,-2.4069074323721207,-7.579464234
304,Mn(III)(misc)4eq(water)ax1(pyridine)ax2,-0.6535110307439916,-2.3201638023060402,-25.18527363
305,Co(III)(water)4eq(pyridine)ax1(pyridine)ax2,0.5244943121157181,2.451867428834652,-9.291753672999999
306,Co(II)(water)4eq(pyridine)ax1(pyridine)ax2,0.5315101162359398,2.3651237987685705,-11.67168894
307,Fe(II)(furan)4eq(pyridine)ax1(furan)ax2,3.2350142305710166,0.2200328806358692,-29.18276309
308,Cr(II)(carbonyl)4eq(pyridine)ax1(misc)ax2,-0.3129045691922774,-0.5079486293454619,-18.40879559
309,Fe(II)(carbonyl)4eq(carbonyl)ax1(furan)ax2,-1.8435960973459737,1.0264614023770964,15.47203625
310,Mn(II)(misc)4eq(furan)ax1(furan)ax2,1.1839995670462826,-2.4789791801612155,-16.53953188
311,Cr(III)(pyridine)4eq(carbonyl)ax1(misc)ax2,0.2405876734507201,-1.4302860542351639,-24.66011513
312,Fe(III)(furan)4eq(water)ax1(misc)ax2,0.4187645224823874,0.336101673607915,-22.81709839
313,Fe(II)(furan)4eq(water)ax1(misc)ax2,0.425780326602609,0.2493580435418343,-19.41382773
314,Co(II)(carbonyl)4eq(carbonyl)ax1(misc)ax2,-2.6126799510584595,1.7166543377127361,7.856020973
315,Co(III)(pyridine)4eq(water)ax1(pyridine)ax2,0.8154883444893013,1.0825865697389847,24.11455046
316,Co(II)(pyridine)4eq(water)ax1(pyridine)ax2,0.822504148609523,0.9958429396729047,-7.125551472000001
317,Fe(III)(misc)4eq(water)ax1(misc)ax2,-2.064695727801127,1.4737953178809249,26.95161648
318,Fe(II)(misc)4eq(water)ax1(misc)ax2,-2.057679923680906,1.3870516878148436,24.94335867
319,Co(II)(carbonyl)4eq(water)ax1(water)ax2,-3.7750349489930164,1.4636979031787434,-4.375529554
320,Co(III)(carbonyl)4eq(water)ax1(water)ax2,-3.7820507531132392,1.5504415332448238,27.01833053
321,Cr(III)(water)4eq(misc)ax1(misc)ax2,-1.038004765748886,0.11832838730555541,-24.12230291
322,Cr(II)(water)4eq(misc)ax1(misc)ax2,-1.0309889616286645,0.031584757239475,-38.29870072
323,Co(III)(pyridine)4eq(misc)ax1(misc)ax2,1.110252637537804,1.403892000393896,41.75783027
324,Co(II)(pyridine)4eq(misc)ax1(misc)ax2,1.1172684416580259,1.3171483703278157,-0.716882729
325,Co(II)(carbonyl)4eq(water)ax1(misc)ax2,-2.5970366194691863,1.7059486521576956,0.306025088
326,Co(III)(carbonyl)4eq(water)ax1(misc)ax2,-2.6040524235894082,1.7926922822237763,39.89750444
327,Mn(II)(water)4eq(water)ax1(furan)ax2,-1.1498457850720427,-2.3204437153408333,-50.08246298
328,Co(II)(water)4eq(pyridine)ax1(furan)ax2,0.38915688415319094,2.2747850102766365,-15.30760925
329,Co(II)(furan)4eq(pyridine)ax1(carbonyl)ax2,1.239469283572175,0.7704233485942786,-9.739010567000001
330,Fe(III)(furan)4eq(misc)ax1(misc)ax2,1.5946533480774414,0.5874684463377868,-17.14069565
331,Fe(II)(furan)4eq(misc)ax1(misc)ax2,1.6016691521976631,0.5007248162717062,-15.62465598
332,Mn(II)(pyridine)4eq(water)ax1(water)ax2,-0.5368493821411411,-3.744490550971834,-39.65575891
333,Mn(III)(pyridine)4eq(water)ax1(water)ax2,-0.5438651862613627,-3.657746920905754,-58.59622585
334,Cr(II)(furan)4eq(carbonyl)ax1(misc)ax2,0.6780933636820292,-1.7686126295056643,-43.98938941
335,Co(II)(furan)4eq(water)ax1(furan)ax2,1.116776255916372,0.6695451183961592,-18.70224049
336,Fe(II)(carbonyl)4eq(water)ax1(water)ax2,-3.747846920490062,0.9394800540748515,-0.976039697
337,Fe(III)(carbonyl)4eq(water)ax1(water)ax2,-3.754862724610282,1.0262236841409318,2.553643133
338,Mn(III)(pyridine)4eq(misc)ax1(misc)ax2,1.8295892577699044,-3.0772739433206846,-39.24936299
339,Mn(II)(pyridine)4eq(misc)ax1(misc)ax2,1.836605061890126,-3.1640175733867655,-18.45352026
340,Cr(II)(misc)4eq(water)ax1(misc)ax2,-1.8723539559575693,-0.4720293280213871,-23.56545493
341,Fe(II)(misc)4eq(carbonyl)ax1(misc)ax2,-2.073481046091394,1.4088772015322137,41.54936835
342,Fe(III)(misc)4eq(carbonyl)ax1(misc)ax2,-2.080496850211616,1.495620831598294,35.20556313
343,Fe(III)(furan)4eq(misc)ax1(furan)ax2,2.3396616705803863,0.4012924880713086,-21.9436447
344,Fe(II)(furan)4eq(misc)ax1(furan)ax2,2.346677474700608,0.3145488580052275,-23.60170596
345,Mn(II)(water)4eq(carbonyl)ax1(misc)ax2,-1.9626910772680368,-1.9791385465763096,-32.80343662
346,Mn(II)(pyridine)4eq(carbonyl)ax1(furan)ax2,1.415790862697108,-3.6514947572273297,-27.368854700000004
347,Cr(II)(furan)4eq(pyridine)ax1(misc)ax2,2.7885897293196993,-1.6913050947003405,-52.545343200000005
348,Cr(III)(furan)4eq(pyridine)ax1(misc)ax2,2.781573925199476,-1.6045614646342605,-24.15825556
349,Co(II)(water)4eq(carbonyl)ax1(misc)ax2,-2.4284111785282767,2.291695897518124,-8.831229471
350,Co(III)(water)4eq(carbonyl)ax1(misc)ax2,-2.4354269826484964,2.378439527584205,14.38792417
351,Mn(II)(carbonyl)4eq(water)ax1(carbonyl)ax2,-3.3512033820772587,-2.598540296548043,-13.46443946
352,Mn(III)(carbonyl)4eq(water)ax1(carbonyl)ax2,-3.3582191861974806,-2.511796666481963,-25.98076805
353,Cr(II)(pyridine)4eq(pyridine)ax1(pyridine)ax2,3.2670426708155116,-1.5854198422035188,-51.14957652
354,Fe(II)(carbonyl)4eq(pyridine)ax1(misc)ax2,-0.5041427767844391,1.3478461883908484,25.01477478
355,Fe(III)(water)4eq(pyridine)ax1(carbonyl)ax2,-1.5194680583417637,1.735547921425637,-21.73041352
356,Fe(II)(water)4eq(pyridine)ax1(carbonyl)ax2,-1.512452254221542,1.6488042913595566,-15.95696913
357,Fe(III)(carbonyl)4eq(carbonyl)ax1(misc)ax2,-2.5922394137954448,1.2995209102237248,22.69986117
358,Fe(II)(carbonyl)4eq(carbonyl)ax1(misc)ax2,-2.5852236096752237,1.212777280157644,34.98440619
359,Mn(II)(carbonyl)4eq(water)ax1(water)ax2,-3.330906756928411,-2.6707037079507296,-20.87198655
360,Mn(III)(carbonyl)4eq(water)ax1(water)ax2,-3.3379225610486336,-2.5839600778846488,-23.79280896
361,Fe(II)(pyridine)4eq(water)ax1(pyridine)ax2,0.8788653702095918,0.39598127781388365,-15.04067298
362,Fe(III)(pyridine)4eq(water)ax1(pyridine)ax2,0.8718495660893701,0.48272490787996464,-3.681383942
363,Cr(II)(furan)4eq(pyridine)ax1(carbonyl)ax2,1.5884531139721945,-1.9142516809044825,-48.41867488
364,Co(III)(carbonyl)4eq(water)ax1(carbonyl)ax2,-3.798539287245938,1.5611122389213479,37.55182762
365,Co(II)(carbonyl)4eq(water)ax1(carbonyl)ax2,-3.7915234831257165,1.474368608855267,1.033934288
366,Mn(III)(furan)4eq(furan)ax1(furan)ax2,3.840462960865282,-3.862212149291788,-47.9128999
367,Cr(II)(carbonyl)4eq(pyridine)ax1(carbonyl)ax2,-1.5130411845397822,-0.7308952155496033,-20.01883788
368,Mn(II)(furan)4eq(carbonyl)ax1(furan)ax2,1.8490031147487704,-3.8978417041502746,-45.22762886
369,Co(II)(water)4eq(carbonyl)ax1(furan)ax2,-1.6883844331127917,2.1222670809359325,-18.05942271
370,Co(II)(furan)4eq(furan)ax1(furan)ax2,3.032265723225414,0.7422621111573681,-20.21145876
371,Co(II)(water)4eq(furan)ax1(furan)ax2,0.24697437850264464,2.184453287534687,-19.4026526
372,Co(II)(carbonyl)4eq(misc)ax1(misc)ax2,-1.4181930874019315,1.9482343810151643,11.59172904
373,Co(III)(carbonyl)4eq(misc)ax1(misc)ax2,-1.4252088915221532,2.034978011081245,55.31896644
374,Fe(III)(misc)4eq(water)ax1(pyridine)ax2,-1.1782203168578103,1.3792023061723597,21.73592776
375,Fe(II)(misc)4eq(water)ax1(pyridine)ax2,-1.1712045127375883,1.2924586761062786,16.04539714
376,Co(II)(furan)4eq(misc)ax1(misc)ax2,1.551367029851022,1.0810847644432338,-6.414630962
377,Mn(II)(misc)4eq(water)ax1(misc)ax2,-1.5774308971110815,-2.2305019803307804,-3.175589322
378,Mn(III)(misc)4eq(water)ax1(misc)ax2,-1.5844467012313035,-2.143758350264699,-28.46757477
379,Co(III)(pyridine)4eq(water)ax1(water)ax2,-1.2428665341990979,0.9195095912358892,14.62375335
380,Co(II)(pyridine)4eq(water)ax1(water)ax2,-1.2358507300788764,0.8327659611698084,-1.830983426
381,Fe(III)(water)4eq(carbonyl)ax1(carbonyl)ax2,-3.6024102361596375,1.6004019788532255,-13.74419995
382,Fe(II)(water)4eq(carbonyl)ax1(carbonyl)ax2,-3.5953944320394173,1.5136583487871453,-21.431285199999998
383,Co(II)(pyridine)4eq(carbonyl)ax1(misc)ax2,-0.07721842199850239,1.0855683270253877,-1.746025292
384,Co(III)(pyridine)4eq(carbonyl)ax1(misc)ax2,-0.08423422611872397,1.1723119570914682,29.71582633
385,Co(III)(misc)4eq(carbonyl)ax1(misc)ax2,-2.1102887696856976,2.0070933482568165,69.90544315
386,Co(II)(furan)4eq(water)ax1(water)ax2,-0.7987132113926689,0.5968281256349512,-18.45121385
387,Cr(III)(pyridine)4eq(pyridine)ax1(misc)ax2,2.350247479570595,-1.3530131416047653,-25.47006304
388,Co(II)(misc)4eq(pyridine)ax1(carbonyl)ax2,-1.2225451931148856,1.841191311305004,11.11431172
389,Cr(III)(pyridine)4eq(misc)ax1(misc)ax2,1.4407242887982243,-1.207339468031023,-25.06336949
390,Cr(II)(pyridine)4eq(misc)ax1(misc)ax2,1.4477400929184459,-1.2940830980971032,-34.27968046
391,Fe(III)(misc)4eq(pyridine)ax1(misc)ax2,0.000583982679168451,1.6306897398314988,33.06934754
392,Fe(II)(misc)4eq(pyridine)ax1(misc)ax2,0.007599786799390036,1.543946109765418,33.785439600000004
393,Co(II)(misc)4eq(carbonyl)ax1(furan)ax2,-1.3666270303236885,1.7507809820944755,17.48319115
394,Fe(II)(furan)4eq(carbonyl)ax1(furan)ax2,1.1516067165213693,0.08486767947865617,-23.06644224
395,Fe(III)(furan)4eq(carbonyl)ax1(furan)ax2,1.1445909124011475,0.17161130954473694,-23.71398956
396,Fe(II)(carbonyl)4eq(water)ax1(carbonyl)ax2,-3.7644932454439743,0.9612705879137039,16.51815546
397,Fe(III)(carbonyl)4eq(water)ax1(carbonyl)ax2,-3.771509049564196,1.0480142179797844,11.88946216
398,Co(II)(furan)4eq(water)ax1(pyridine)ax2,1.2589587615669184,0.7598768411381088,-13.66607753
399,Co(II)(furan)4eq(pyridine)ax1(pyridine)ax2,3.3168014609587098,0.9229326223912512,-10.92628891
400,Mn(III)(water)4eq(pyridine)ax1(misc)ax2,0.1710873886142343,-1.8506099710073676,-50.727368799999994
401,Mn(II)(water)4eq(pyridine)ax1(misc)ax2,0.17810319273445602,-1.9373536010734487,-38.37605055
402,Cr(II)(furan)4eq(water)ax1(furan)ax2,1.4663942208950402,-2.0643158106721797,-53.86756407
403,Co(III)(misc)4eq(pyridine)ax1(pyridine)ax2,0.8459098352243352,2.08036718082885,53.93966014
404,Co(II)(misc)4eq(pyridine)ax1(pyridine)ax2,0.8529256393445568,1.9936235507627693,8.268022062
405,Mn(II)(pyridine)4eq(pyridine)ax1(carbonyl)ax2,1.5596375907351014,-3.5585324936384195,-28.18025687
406,Fe(II)(carbonyl)4eq(water)ax1(misc)ax2,-2.5694224872647347,1.1909517664402742,17.14140304
407,Fe(III)(carbonyl)4eq(water)ax1(misc)ax2,-2.5764382913849566,1.277695396506355,17.64103012
408,Co(III)(pyridine)4eq(pyridine)ax1(pyridine)ax2,2.8740139496099033,1.245670613992066,22.80574022
409,Cr(II)(carbonyl)4eq(water)ax1(water)ax2,-3.5864717193301394,-0.9201142367265216,-23.84892494
410,Cr(III)(carbonyl)4eq(water)ax1(water)ax2,-3.5934875234503614,-0.8333706066604413,-22.56980813
411,Co(III)(misc)4eq(furan)ax1(furan)ax2,0.5583351669978285,1.8995708992452405,-13.98684966
412,Co(II)(misc)4eq(furan)ax1(furan)ax2,0.5653509711180504,1.8128272691791605,16.78496196
413,Co(II)(water)4eq(water)ax1(carbonyl)ax2,-3.603873900421834,2.049550088174724,-15.80385079
414,Co(III)(water)4eq(water)ax1(carbonyl)ax2,-3.6108897045420565,2.1362937182408044,5.484309473
415,Fe(II)(carbonyl)4eq(water)ax1(pyridine)ax2,-1.6829470763214172,1.0963587547317093,7.452351266
416,Fe(II)(carbonyl)4eq(pyridine)ax1(carbonyl)ax2,-1.699213534963678,1.1181650098642775,23.78143002
417,Fe(III)(carbonyl)4eq(pyridine)ax1(carbonyl)ax2,-1.7062293390839,1.2049086399303581,15.91341081
418,Co(III)(misc)4eq(carbonyl)ax1(carbonyl)ax2,-3.3047756333422242,1.7755133049543883,67.45428054
419,Co(II)(misc)4eq(carbonyl)ax1(carbonyl)ax2,-3.297759829222003,1.6887696748883085,18.76579597
420,Mn(II)(water)4eq(furan)ax1(furan)ax2,0.8249524298421465,-2.2995342986598097,-50.29977968
421,Co(II)(water)4eq(misc)ax1(furan)ax2,-0.49389756945626334,2.35384712423836,-13.38726169
422,Mn(II)(water)4eq(water)ax1(carbonyl)ax2,-3.1483214353087767,-2.26932964013324,-38.72283131
423,Mn(III)(water)4eq(water)ax1(carbonyl)ax2,-3.1553372394289982,-2.182586010067159,-40.7650153
424,Co(II)(carbonyl)4eq(pyridine)ax1(misc)ax2,-0.5374653149513418,1.8690759741294318,7.658484497000001
425,Cr(II)(furan)4eq(water)ax1(pyridine)ax2,1.6094789020660638,-1.9701042531002713,-55.85639274
426,Cr(II)(furan)4eq(pyridine)ax1(pyridine)ax2,3.699205675962188,-1.8369335430580895,-59.55198846
427,Cr(III)(furan)4eq(pyridine)ax1(pyridine)ax2,3.692189871841966,-1.7501899129920084,-25.81691616
428,Co(II)(misc)4eq(pyridine)ax1(furan)ax2,0.7090529420152025,1.903221877095973,10.52307892
429,Fe(II)(pyridine)4eq(water)ax1(furan)ax2,0.7356992336567414,0.3043280137953432,-17.92728144
430,Fe(II)(furan)4eq(water)ax1(pyridine)ax2,1.3141170824730186,0.15484206617247617,-30.699777100000002
431,Co(III)(water)4eq(water)ax1(misc)ax2,-2.416402840885527,2.3678737615432333,13.14466156
432,Co(II)(water)4eq(water)ax1(misc)ax2,-2.4093870367653056,2.281130131477153,-12.052588900000002
433,Mn(II)(furan)4eq(water)ax1(pyridine)ax2,2.0154645060688474,-3.8769469167436332,-49.37778211
434,Mn(II)(misc)4eq(carbonyl)ax1(furan)ax2,-0.8110952730167541,-2.4277251854395523,-3.8800537630000003
435,Cr(II)(misc)4eq(pyridine)ax1(pyridine)ax2,1.1278560247800076,-0.48449255995756585,-21.72832693
436,Cr(III)(misc)4eq(pyridine)ax1(pyridine)ax2,1.1208402206597863,-0.3977489298914852,-23.34372595
437,Fe(II)(misc)4eq(pyridine)ax1(furan)ax2,0.7496926353604114,1.3576494905696712,13.05129405
438,Fe(II)(misc)4eq(pyridine)ax1(pyridine)ax2,0.8938660578632585,1.4493444425131214,19.84845518
439,Fe(III)(misc)4eq(pyridine)ax1(pyridine)ax2,0.8868502537430365,1.5360880725792023,26.99373172
440,Mn(II)(water)4eq(pyridine)ax1(pyridine)ax2,1.110691068269411,-2.113690674319314,-41.9074739
441,Mn(III)(water)4eq(pyridine)ax1(pyridine)ax2,1.1036752641491887,-2.026947044253234,-52.53628522
442,Cr(II)(furan)4eq(water)ax1(water)ax2,-0.4800771453978585,-2.103267897392468,-53.16159286
443,Fe(II)(pyridine)4eq(pyridine)ax1(furan)ax2,2.7997625183075905,0.4611720922772767,-19.24429788
444,Fe(II)(pyridine)4eq(pyridine)ax1(misc)ax2,2.0558083248194774,0.6473916771338165,-8.1235038
445,Fe(III)(pyridine)4eq(pyridine)ax1(misc)ax2,2.048792520699256,0.7341353071998972,3.6383856110000004
446,Cr(II)(water)4eq(water)ax1(misc)ax2,-2.210565125114073,-0.24723365974525702,-46.36372264
447,Fe(II)(furan)4eq(water)ax1(furan)ax2,1.171633851648979,0.06321706515387349,-30.68844014
448,Fe(II)(furan)4eq(furan)ax1(furan)ax2,3.0925309997469794,0.12840787961726638,-31.14773687
449,Fe(II)(pyridine)4eq(furan)ax1(furan)ax2,2.6565963817547407,0.3695188282587358,-22.81692043
450,Fe(II)(misc)4eq(carbonyl)ax1(furan)ax2,-1.3318535337621449,1.2225613237516657,26.36199124
451,Fe(II)(pyridine)4eq(pyridine)ax1(carbonyl)ax2,0.8607375666402385,0.4177104986072455,-3.8898774869999997
452,Mn(II)(furan)4eq(water)ax1(misc)ax2,1.0826674906544433,-3.700618499041502,-45.22779591
453,Mn(II)(water)4eq(misc)ax1(furan)ax2,0.034939370425273515,-2.03028760166242,-40.92230332
454,Mn(III)(misc)4eq(pyridine)ax1(misc)ax2,0.5350348012386735,-2.0298520478198427,-20.12979662
455,Mn(II)(misc)4eq(pyridine)ax1(misc)ax2,0.5420506053588955,-2.116595677885923,0.36649127600000003
456,Fe(II)(misc)4eq(carbonyl)ax1(carbonyl)ax2,-3.2685518042706336,1.1791960230056424,41.22304044
457,Fe(III)(misc)4eq(carbonyl)ax1(carbonyl)ax2,-3.275567608390855,1.2659396530717233,37.41200865
458,Cr(III)(misc)4eq(water)ax1(water)ax2,-3.0614815311934724,-0.6642090545755899,-24.09812773
459,Cr(II)(misc)4eq(water)ax1(water)ax2,-3.0544657270732514,-0.7509526846416709,-30.95184076
460,Co(II)(water)4eq(carbonyl)ax1(carbonyl)ax2,-3.622898042184805,2.0601158542156957,-11.86283479
461,Co(III)(water)4eq(carbonyl)ax1(carbonyl)ax2,-3.6299138463050267,2.1468594842817756,9.254344255
462,Co(II)(misc)4eq(water)ax1(misc)ax2,-2.087629633976202,1.909644032635696,13.86815429
463,Co(III)(misc)4eq(water)ax1(misc)ax2,-2.0946454380964243,1.996387662701776,57.73987713
464,Cr(II)(carbonyl)4eq(pyridine)ax1(furan)ax2,0.45107515967328926,-0.7479356205391728,-20.57448154
465,Co(III)(carbonyl)4eq(pyridine)ax1(carbonyl)ax2,-1.738967982728092,1.7242395608930843,-5.0248606339999995
466,Co(II)(carbonyl)4eq(pyridine)ax1(carbonyl)ax2,-1.7319521786078698,1.6374959308270034,3.907419453
467,Co(III)(pyridine)4eq(carbonyl)ax1(carbonyl)ax2,-1.2787210897752526,0.9407319137890394,22.49817918
468,Co(II)(pyridine)4eq(carbonyl)ax1(carbonyl)ax2,-1.2717052856550306,0.853988283722959,-3.231352766
469,Fe(III)(pyridine)4eq(water)ax1(water)ax2,-1.192213718561479,0.32588082939803065,-1.596091184
470,Fe(II)(pyridine)4eq(water)ax1(water)ax2,-1.1851979144412577,0.23913719933195027,-15.02064796
471,Co(II)(water)4eq(water)ax1(pyridine)ax2,-1.5263325831558505,2.2020680175154284,-13.71046021
472,Co(II)(carbonyl)4eq(water)ax1(pyridine)ax2,-1.715843510786824,1.6268095038567636,-4.972526342
473,Cr(II)(carbonyl)4eq(pyridine)ax1(pyridine)ax2,0.5958500325231207,-0.6536541120424169,-20.10407638
474,Fe(II)(carbonyl)4eq(misc)ax1(furan)ax2,-0.6485253391667347,1.256142580903668,18.62864806
475,Cr(II)(water)4eq(pyridine)ax1(misc)ax2,-0.12062921133849931,-0.11405429415934364,-45.99837023
476,Cr(III)(carbonyl)4eq(water)ax1(misc)ax2,-2.411375752334678,-0.5544472500401575,-22.70484692
477,Cr(II)(carbonyl)4eq(water)ax1(misc)ax2,-2.404359948214457,-0.6411908801062383,-22.15491943
478,Mn(III)(pyridine)4eq(water)ax1(pyridine)ax2,1.5743998903791685,-3.543890961929536,-51.80802292
479,Mn(II)(pyridine)4eq(water)ax1(pyridine)ax2,1.5814156944993907,-3.630634591995617,-41.19246479
480,Mn(II)(furan)4eq(misc)ax1(misc)ax2,2.268297848695184,-3.410427405484574,-42.61379759
481,Cr(III)(pyridine)4eq(carbonyl)ax1(furan)ax2,1.005963411011605,-1.6702152696744699,-24.73511249
482,Mn(III)(misc)4eq(carbonyl)ax1(carbonyl)ax2,-2.812360714656589,-2.2896925807732917,-30.46855579
483,Mn(II)(misc)4eq(carbonyl)ax1(carbonyl)ax2,-2.8053449105363666,-2.376436210839372,12.73699481
484,Cr(III)(carbonyl)4eq(water)ax1(carbonyl)ax2,-3.6115123676821828,-0.7773938362442985,-23.9760236
485,Cr(II)(carbonyl)4eq(water)ax1(carbonyl)ax2,-3.6044965635619612,-0.8641374663103792,-24.01863645
486,Fe(III)(pyridine)4eq(carbonyl)ax1(misc)ax2,-0.03331309760082477,0.5990239868024105,13.50498467
487,Fe(II)(pyridine)4eq(carbonyl)ax1(misc)ax2,-0.02629729348060319,0.5122803567363299,7.0899751339999995
488,Mn(II)(carbonyl)4eq(pyridine)ax1(pyridine)ax2,0.9074672418204427,-2.442915479898461,-3.166945693
489,Fe(II)(water)4eq(pyridine)ax1(pyridine)ax2,0.5707461199486579,1.7839608369730384,-21.60585019
490,Co(II)(furan)4eq(pyridine)ax1(furan)ax2,3.1744482288759603,0.8325938338993182,-14.62871074
491,Fe(III)(water)4eq(water)ax1(pyridine)ax2,-1.499820789525805,1.713881585807138,-20.95627865
492,Fe(II)(water)4eq(water)ax1(pyridine)ax2,-1.4928049854055827,1.6271379557410572,-20.86096171
493,Co(III)(carbonyl)4eq(pyridine)ax1(pyridine)ax2,0.33650284973135053,1.87667180035085,3.941729664
494,Co(II)(carbonyl)4eq(pyridine)ax1(pyridine)ax2,0.3435186538515722,1.789928170284769,3.53209893
495,Fe(II)(pyridine)4eq(carbonyl)ax1(furan)ax2,0.7171915637757369,0.3260415132949883,-8.132873835
496,Co(II)(misc)4eq(water)ax1(carbonyl)ax2,-3.2821164976327304,1.6780639893332672,15.41766224
497,Co(III)(misc)4eq(water)ax1(carbonyl)ax2,-3.289132301752953,1.7648076193993472,51.76976856
498,Mn(III)(misc)4eq(water)ax1(water)ax2,-2.7726126669023174,-2.434054383457182,-38.97623339
499,Mn(II)(misc)4eq(water)ax1(water)ax2,-2.765596862782095,-2.520798013523262,-14.60730532
500,Fe(III)(water)4eq(carbonyl)ax1(misc)ax2,-2.4073394779803987,1.8300831573797967,-12.27902099
501,Fe(II)(water)4eq(carbonyl)ax1(misc)ax2,-2.4003236738601776,1.743339527313716,-13.53917403
502,Cr(II)(misc)4eq(water)ax1(pyridine)ax2,-0.9633902143627223,-0.6177261551746106,-28.12349424
503,Cr(III)(misc)4eq(water)ax1(pyridine)ax2,-0.9704060184829438,-0.5309825251085301,-23.9137003
504,Cr(II)(water)4eq(furan)ax1(furan)ax2,0.503646646529741,-0.4481129234108933,-48.16366863
505,Co(II)(misc)4eq(water)ax1(pyridine)ax2,-1.2064365252938394,1.8305048843347649,8.545206186
506,Co(III)(pyridine)4eq(pyridine)ax1(carbonyl)ax2,0.797518331741163,1.0931959623700174,20.61194266
507,Cr(III)(misc)4eq(pyridine)ax1(furan)ax2,0.9760653478099549,-0.49203043838824134,-24.13812474
508,Fe(II)(misc)4eq(water)ax1(carbonyl)ax2,-3.252750681860144,1.1573705092882733,25.33804634
509,Fe(III)(misc)4eq(water)ax1(carbonyl)ax2,-3.2597664859803666,1.2441141393543536,22.5096242
510,Mn(II)(water)4eq(pyridine)ax1(furan)ax2,0.9677363858396775,-2.206616019364554,-46.89120512
511,Fe(III)(misc)4eq(water)ax1(water)ax2,-3.243120161026454,1.222323605515501,15.46315386
512,Fe(II)(misc)4eq(water)ax1(water)ax2,-3.2361043569062313,1.1355799754494202,6.647820834
513,Fe(II)(furan)4eq(pyridine)ax1(pyridine)ax2,3.3776681878272576,0.3116649474044557,-28.80641728
514,Co(II)(misc)4eq(misc)ax1(furan)ax2,-0.1721401666671602,1.9823610253969044,15.85861104
515,Cr(II)(furan)4eq(misc)ax1(furan)ax2,2.6451251818370234,-1.7855323735659656,-50.29825791
516,Cr(II)(water)4eq(carbonyl)ax1(misc)ax2,-2.231125576976171,-0.19136182896466677,-33.82221285
517,Cr(III)(water)4eq(carbonyl)ax1(misc)ax2,-2.238141381096392,-0.10461819889858602,-20.87788514
518,Mn(II)(water)4eq(water)ax1(pyridine)ax2,-1.0070618290745115,-2.227525436045577,-45.18685794
519,Fe(II)(water)4eq(water)ax1(carbonyl)ax2,-3.5762124994552327,1.491972754583845,-19.57238093
520,Fe(III)(water)4eq(water)ax1(carbonyl)ax2,-3.583228303575454,1.578716384649926,-20.265823100000002
521,Mn(III)(pyridine)4eq(water)ax1(carbonyl)ax2,-0.5660231563373027,-3.5856605438422724,-49.58690517
522,Mn(II)(pyridine)4eq(water)ax1(carbonyl)ax2,-0.559007352217081,-3.6724041739083533,-21.00422872
523,Fe(II)(furan)4eq(pyridine)ax1(carbonyl)ax2,1.2944698136570592,0.17650840179097496,-20.81426798
524,Cr(II)(pyridine)4eq(water)ax1(pyridine)ax2,1.1766329911905766,-1.7186188152456388,-50.92698948
525,Fe(II)(misc)4eq(furan)ax1(furan)ax2,0.6056899392897671,1.2659616043762063,7.92430662
526,Co(III)(furan)4eq(pyridine)ax1(misc)ax2,2.4269403431084817,1.088747021962787,-45.33025936
527,Co(II)(furan)4eq(pyridine)ax1(misc)ax2,2.4339561472287023,1.0020033918967068,-8.907308347
528,Mn(II)(carbonyl)4eq(furan)ax1(furan)ax2,0.618689672899967,-2.628884874588683,-17.87906594
529,Co(III)(water)4eq(misc)ax1(misc)ax2,-1.2409401189919689,2.610019570886633,26.55054918
530,Co(II)(water)4eq(misc)ax1(misc)ax2,-1.233924314871747,2.523275940820552,-11.801766699999998
531,Co(II)(carbonyl)4eq(misc)ax1(furan)ax2,-0.6815471521601448,1.778665644918904,0.9384870809999999
532,Cr(II)(carbonyl)4eq(carbonyl)ax1(misc)ax2,-2.421539589902855,-0.5851791298115784,-22.06581886
533,Cr(II)(water)4eq(water)ax1(furan)ax2,-1.442824719763158,-0.48706501013118236,-49.70648714
534,Mn(II)(furan)4eq(pyridine)ax1(carbonyl)ax2,1.9921669370579531,-3.804907703561302,-42.70835223
535,Fe(II)(water)4eq(furan)ax1(furan)ax2,0.2856089318683778,1.6007037691858472,-29.40709831
536,Co(II)(water)4eq(pyridine)ax1(misc)ax2,-0.35133519749406594,2.4441945682740256,-11.25857421
537,Fe(II)(misc)4eq(water)ax1(furan)ax2,-1.3152072088082325,1.2007707899128135,7.14708559
538,Mn(II)(water)4eq(carbonyl)ax1(furan)ax2,-1.173523220394588,-2.248420223452216,-40.25446434
539,Co(III)(pyridine)4eq(water)ax1(misc)ax2,-0.06672954960235905,1.1616833058756335,28.94849585
540,Co(II)(pyridine)4eq(water)ax1(misc)ax2,-0.059713745482137384,1.0749396758095533,-7.706810259
541,Mn(II)(carbonyl)4eq(water)ax1(pyridine)ax2,-1.2118051207700857,-2.556813126799588,-9.642149456
542,Mn(II)(misc)4eq(pyridine)ax1(furan)ax2,1.3283029882904194,-2.385998015691097,-13.46416217
543,Cr(II)(misc)4eq(furan)ax1(furan)ax2,0.8384770055125479,-0.673048511201093,-35.89357873
544,Fe(II)(misc)4eq(misc)ax1(furan)ax2,-0.13678277558290533,1.4522425022782364,25.47083331
545,Co(II)(misc)4eq(water)ax1(water)ax2,-3.265627963500033,1.667393283656743,11.15186829
546,Co(III)(misc)4eq(water)ax1(water)ax2,-3.272643767620255,1.7541369137228233,38.67989134
547,Fe(II)(carbonyl)4eq(furan)ax1(furan)ax2,0.09394737570593811,1.069861683001637,2.761533265
548,Fe(II)(pyridine)4eq(carbonyl)ax1(carbonyl)ax2,-1.2213680516598422,0.2825991782097586,8.917135083
549,Fe(III)(pyridine)4eq(carbonyl)ax1(carbonyl)ax2,-1.2283838557800637,0.3693428082758391,1.078885994
550,Fe(II)(pyridine)4eq(water)ax1(misc)ax2,-0.008634826143023107,0.490531877358167,-2.336869976
551,Fe(III)(pyridine)4eq(water)ax1(misc)ax2,-0.015650630263244824,0.5772755074242475,7.115863227
552,Cr(III)(carbonyl)4eq(misc)ax1(misc)ax2,-1.2284187786755727,-0.2754889135413563,-22.86447091
553,Cr(II)(carbonyl)4eq(misc)ax1(misc)ax2,-1.2214029745553507,-0.36223254360743695,-19.533900600000003
554,Mn(II)(furan)4eq(carbonyl)ax1(carbonyl)ax2,-0.1486273329445391,-3.8466926490641633,-40.5784945
555,Mn(II)(pyridine)4eq(carbonyl)ax1(carbonyl)ax2,-0.5803201197495963,-3.600282816966357,-9.798916452
556,Mn(III)(pyridine)4eq(carbonyl)ax1(carbonyl)ax2,-0.5873359238698178,-3.513539186900275,-44.07666801
557,Mn(II)(pyridine)4eq(pyridine)ax1(furan)ax2,3.5562139094135787,-3.609725175314593,-43.08614043
558,Mn(III)(pyridine)4eq(pyridine)ax1(furan)ax2,3.5491981052933563,-3.5229815452485114,-53.7108801
559,Cr(II)(pyridine)4eq(water)ax1(furan)ax2,1.0328654042907417,-1.8128586358174856,-55.02341304
560,Fe(II)(pyridine)4eq(misc)ax1(furan)ax2,1.9122623219549761,0.55572269182156,-7.636392711
561,Cr(III)(misc)4eq(pyridine)ax1(misc)ax2,0.2120856189443886,-0.2520434471945302,-23.58883712
562,Cr(II)(misc)4eq(pyridine)ax1(misc)ax2,0.21910142306461017,-0.3387870772606109,-14.08444935
563,Cr(II)(water)4eq(water)ax1(pyridine)ax2,-1.2997400385921347,-0.3928534525592736,-53.27949863
564,Mn(II)(furan)4eq(carbonyl)ax1(misc)ax2,1.0598352578753218,-3.628560027274368,-41.65560903
565,Cr(II)(carbonyl)4eq(water)ax1(pyridine)ax2,-1.4953962066196091,-0.7868877072594616,-21.03857225
566,Cr(II)(water)4eq(pyridine)ax1(pyridine)ax2,0.7899867353039902,-0.2596827425170918,-52.47933918
567,Cr(III)(water)4eq(pyridine)ax1(pyridine)ax2,0.7829709311837685,-0.17293911245101104,-24.95463684
568,Fe(II)(furan)4eq(water)ax1(water)ax2,-0.7492632964490202,-0.0019737493095192617,-27.35472677
569,Co(II)(misc)4eq(water)ax1(furan)ax2,-1.3501384961909908,1.7401102764179517,13.86457178
570,Fe(II)(water)4eq(misc)ax1(misc)ax2,-1.2052529156809377,1.973020705840287,-10.74128832
571,Fe(III)(water)4eq(misc)ax1(misc)ax2,-1.2122687198011601,2.059764335906368,-6.48887092
572,Mn(II)(furan)4eq(misc)ax1(furan)ax2,3.057465705568632,-3.6797090823604774,-46.27540865
573,Mn(III)(furan)4eq(misc)ax1(furan)ax2,3.05044990144841,-3.5929654522943992,-46.34572994
574,Mn(II)(carbonyl)4eq(pyridine)ax1(carbonyl)ax2,-1.2317218796072817,-2.4846339941031865,-2.8525443569999998
575,Cr(III)(misc)4eq(carbonyl)ax1(carbonyl)ax2,-3.0966860171136936,-0.5522205338647879,-22.96882643
576,Mn(II)(misc)4eq(pyridine)ax1(carbonyl)ax2,-0.6664119854609661,-2.334728299675719,1.857642477
577,Cr(III)(pyridine)4eq(carbonyl)ax1(carbonyl)ax2,-0.9595489418967843,-1.6532326404393065,-23.58465986
578,Mn(II)(pyridine)4eq(pyridine)ax1(pyridine)ax2,3.6998514975721237,-3.516771567269413,-42.52565071
579,Mn(III)(pyridine)4eq(pyridine)ax1(pyridine)ax2,3.6928356934519027,-3.430027937203333,-50.92962214
580,Cr(III)(pyridine)4eq(water)ax1(carbonyl)ax2,-0.9405079552812938,-1.7091673563947591,-24.41716372
581,Mn(III)(misc)4eq(pyridine)ax1(pyridine)ax2,1.4657613318465375,-2.206266155404914,-47.96860824
582,Mn(II)(misc)4eq(pyridine)ax1(pyridine)ax2,1.4727771359667585,-2.293009785470994,-4.72378942
583,Mn(II)(misc)4eq(carbonyl)ax1(misc)ax2,-1.5968823197165052,-2.1583035890495768,9.654731335
584,Mn(III)(misc)4eq(carbonyl)ax1(misc)ax2,-1.603898123836727,-2.0715599589834963,-26.72239636
585,Cr(II)(furan)4eq(carbonyl)ax1(carbonyl)ax2,-0.522043251665475,-1.9915592157098057,-41.22317492
586,Cr(II)(furan)4eq(pyridine)ax1(furan)ax2,3.5559502683589614,-1.9311521663799822,-56.87753331
587,Mn(III)(carbonyl)4eq(water)ax1(misc)ax2,-2.149756595377619,-2.293664044692167,-26.66528528
588,Mn(II)(carbonyl)4eq(water)ax1(misc)ax2,-2.142740791257398,-2.380407674758248,-7.593576168999999
589,Mn(III)(pyridine)4eq(pyridine)ax1(misc)ax2,2.7610843774347416,-3.2536562417825445,-42.84090131
590,Mn(II)(pyridine)4eq(pyridine)ax1(misc)ax2,2.768100181554962,-3.3403998718486223,-31.72463961
591,Co(II)(water)4eq(water)ax1(furan)ax2,-1.668515088806397,2.1117362947734786,-19.73413738
592,Mn(II)(water)4eq(pyridine)ax1(carbonyl)ax2,-1.0303593980854053,-2.155486222863244,-37.81884558
593,Fe(II)(water)4eq(pyridine)ax1(furan)ax2,0.4280921626924162,1.69232877020445,-20.64480038
594,Cr(II)(carbonyl)4eq(furan)ax1(furan)ax2,0.3064710132556599,-0.8422100632859443,-20.62728383
595,Cr(II)(furan)4eq(water)ax1(misc)ax2,0.6986538155441251,-1.8244844602862536,-51.39746931
596,Cr(II)(furan)4eq(misc)ax1(misc)ax2,1.878229979029533,-1.545666043301523,-49.06532241
597,Fe(II)(carbonyl)4eq(pyridine)ax1(furan)ax2,0.23795007177658245,1.1615495691951019,10.49958434
598,Fe(II)(carbonyl)4eq(pyridine)ax1(pyridine)ax2,0.3821234942794292,1.2532445211385521,16.12728312
599,Fe(III)(carbonyl)4eq(pyridine)ax1(pyridine)ax2,0.37510769015920753,1.3399881512046328,11.12891939
600,Mn(II)(pyridine)4eq(carbonyl)ax1(misc)ax2,0.628142471070265,-3.38215019517656,-14.07997809
601,Fe(III)(water)4eq(pyridine)ax1(misc)ax2,-0.324397300162524,1.9652290999522077,-13.75741016
602,Fe(II)(water)4eq(pyridine)ax1(misc)ax2,-0.3173814960423023,1.8784854698861277,-15.29262627
603,Fe(II)(furan)4eq(carbonyl)ax1(carbonyl)ax2,-0.7884723641608158,0.04136245921856375,-15.29943249
604,Cr(II)(furan)4eq(furan)ax1(furan)ax2,3.4128655871879388,-2.025363723951891,-53.94321122
605,Cr(II)(pyridine)4eq(water)ax1(misc)ax2,0.2666444641864322,-1.5729644002566978,-43.09577409
606,Cr(III)(pyridine)4eq(water)ax1(misc)ax2,0.25962866006621055,-1.4862207701906174,-25.39480595
607,Fe(II)(pyridine)4eq(water)ax1(carbonyl)ax2,-1.2037055843222626,0.26085069883159584,-0.35466391399999997
608,Fe(III)(pyridine)4eq(water)ax1(carbonyl)ax2,-1.210721388442484,0.3475943288976763,7.605143115
609,Mn(II)(carbonyl)4eq(misc)ax1(furan)ax2,-0.16794257634320858,-2.359498258077224,-5.771196839
610,Fe(III)(pyridine)4eq(misc)ax1(misc)ax2,1.161757660578415,0.8287051653289812,13.96406171
611,Fe(II)(pyridine)4eq(misc)ax1(misc)ax2,1.168773464698637,0.7419615352629007,4.697036557
612,Mn(II)(misc)4eq(water)ax1(furan)ax2,-0.7907986478679061,-2.499888596842239,-15.76861475
613,Fe(II)(water)4eq(misc)ax1(furan)ax2,-0.46024459317799227,1.7868447475738083,-19.88691323
614,Cr(III)(misc)4eq(water)ax1(furan)ax2,-1.1150101649005726,-0.6252569678553013,-24.63532336
615,Cr(II)(misc)4eq(water)ax1(furan)ax2,-1.1079943607803509,-0.712000597921382,-33.82192156
616,Mn(III)(pyridine)4eq(misc)ax1(furan)ax2,2.6172376493967464,-3.3466185053714534,-50.23240731
617,Mn(II)(pyridine)4eq(misc)ax1(furan)ax2,2.624253453516969,-3.4333621354375343,-31.750960499999998
618,Co(II)(carbonyl)4eq(pyridine)ax1(furan)ax2,0.19964595652221787,1.6995264966179726,-3.5537013839999996
619,Mn(II)(misc)4eq(water)ax1(carbonyl)ax2,-2.7858934879309434,-2.448634602120576,-2.560195587
620,Cr(III)(water)4eq(pyridine)ax1(carbonyl)ax2,-1.3277816308062256,-0.25025725029740453,-28.15779767
621,Cr(II)(water)4eq(pyridine)ax1(carbonyl)ax2,-1.3207658266860038,-0.3370008803634854,-40.38707317
622,Mn(II)(carbonyl)4eq(pyridine)ax1(furan)ax2,0.7629930941441031,-2.535903710118564,-12.06794851
623,Fe(III)(pyridine)4eq(pyridine)ax1(pyridine)ax2,2.9360835771724223,0.639576052111883,-5.33281042
624,Fe(II)(pyridine)4eq(pyridine)ax1(pyridine)ax2,2.9430993812926443,0.5528324220458023,-17.22832472
625,Fe(II)(furan)4eq(pyridine)ax1(misc)ax2,2.489540571836298,0.40618958031754565,-22.79882958
626,Fe(III)(furan)4eq(pyridine)ax1(misc)ax2,2.482524767716077,0.49293321038362625,-22.17506261
627,Mn(II)(carbonyl)4eq(pyridine)ax1(misc)ax2,-0.023259288787420444,-2.26650137231339,2.4842638
628,Mn(III)(water)4eq(misc)ax1(misc)ax2,-0.7612442905683966,-1.6742622947204338,-41.67146545
629,Mn(II)(water)4eq(misc)ax1(misc)ax2,-0.7542284864481748,-1.7610059247865137,-31.58245518
630,Fe(II)(carbonyl)4eq(water)ax1(furan)ax2,-1.826949772392061,1.0046708685382442,0.535141294
631,Cr(II)(carbonyl)4eq(misc)ax1(furan)ax2,-0.45788858192155757,-0.6022387933859492,-19.62426109
632,Co(III)(pyridine)4eq(water)ax1(carbonyl)ax2,-1.2612164132588872,0.9301032625732055,19.99329466
633,Mn(II)(misc)4eq(misc)ax1(furan)ax2,0.39736731780310736,-2.2095925636497564,-4.298150354
634,Fe(II)(water)4eq(carbonyl)ax1(furan)ax2,-1.6553153513572314,1.5571635690472376,-20.81526735
635,Mn(II)(pyridine)4eq(water)ax1(misc)ax2,0.6494552386027803,-3.454271552118558,-27.99753175
636,Mn(III)(pyridine)4eq(water)ax1(misc)ax2,0.6424394344825584,-3.367527922052478,-48.41761187
637,Mn(II)(furan)4eq(pyridine)ax1(pyridine)ax2,4.13321740341277,-3.7631121550173727,-47.99653198
638,Co(III)(water)4eq(pyridine)ax1(carbonyl)ax2,-1.5528378652708152,2.2993581550376785,-23.52394969
639,Co(II)(water)4eq(pyridine)ax1(carbonyl)ax2,-1.5458220611505937,2.2126145249715976,-11.50994566
640,Mn(II)(pyridine)4eq(water)ax1(furan)ax2,1.4379488327730472,-3.723581134290811,-43.23455453
641,Mn(II)(furan)4eq(water)ax1(carbonyl)ax2,-0.12579510016541848,-3.9187511208312995,-43.14430918
642,Mn(II)(pyridine)4eq(furan)ax1(furan)ax2,3.4127470476872355,-3.702671717609788,-39.79166963
643,Mn(III)(water)4eq(water)ax1(misc)ax2,-1.9468746486091375,-1.9644533882773634,-45.09709766
644,Fe(II)(water)4eq(water)ax1(furan)ax2,-1.6352882162296216,1.5355129547224549,-26.70816878
645,Fe(II)(furan)4eq(carbonyl)ax1(misc)ax2,0.4065983940184232,0.27104363774513496,-13.96183543
646,Fe(III)(furan)4eq(carbonyl)ax1(misc)ax2,0.39958258989820167,0.35778726781121567,-18.48058945
647,Cr(II)(carbonyl)4eq(water)ax1(furan)ax2,-1.640000353037239,-0.8811621500062333,-22.24508684
648,Mn(III)(furan)4eq(pyridine)ax1(misc)ax2,3.1936137237575934,-3.500031451705427,-46.07684456
649,Mn(II)(furan)4eq(pyridine)ax1(misc)ax2,3.2006295278778145,-3.5867750817715067,-44.0263056
650,Fe(II)(water)4eq(water)ax1(misc)ax2,-2.381141741275992,1.7216539331104155,-18.70137948
651,Fe(III)(water)4eq(water)ax1(misc)ax2,-2.388157545396213,1.808397563176496,-12.41766934
652,Mn(II)(carbonyl)4eq(water)ax1(furan)ax2,-1.356108542014222,-2.6497942912697066,-17.62023295
653,Cr(II)(water)4eq(carbonyl)ax1(furan)ax2,-1.4642303741686782,-0.43122815922910934,-40.47099999
